customer_id,customer_name,phone,city,registration_date
1,Allison Hill,09126855092,Mandalay,2022-04-03
2,Noah Rhodes,09210053353,Mawlamyine,2021-06-28
3,Angie Henderson,09134126396,,2022-03-24
4,Daniel Wagner,09746412689,,2022-02-12
5,Cristian Santos,09853041955,Mandalay,2023-07-09
6,Connie Lawrence,09969119330,Pathein,2025-07-09
7,Abigail Shaffer,09553778756,Mandalay,2022-03-17
8,Gina Moore,09461415646,Taunggyi,2021-07-18
9,Gabrielle Davis,09469319644,Pathein,2021-03-30
10,Ryan Munoz,09675770529,Taunggyi,2021-06-11
11,Monica Herrera,09990566476,Pathein,2023-01-11
12,Jamie Arnold,09856528252,,2024-09-16
13,Lisa Hensley,09410727955,Pathein,2022-04-22
14,Michele Williams,09508157429,Bago,2025-09-05
15,Dylan Miller,09497478786,Bago,2022-07-01
16,Brian Ramirez,09833953718,Mawlamyine,2024-07-24
17,Holly Wood,09882893941,Taunggyi,2023-02-17
18,Derek Zuniga,09787194506,Mandalay,2024-11-03
19,Lisa Jackson,09924970419,Mandalay,2025-08-11
20,Carla Gray,,Naypyidaw,2021-05-16
21,Margaret Hawkins DDS,09709004943,Naypyidaw,2022-03-12
22,Patty Perez,09524806516,Bago,2023-07-29
23,Ethan Adams,09249926919,Mawlamyine,2024-01-09
24,Tommy Walter,09727694430,Mawlamyine,2023-03-29
25,Matthew Foster,09248532577,Yangon,2025-03-28
26,Judy Baker,,Bago,2021-11-24
27,Justin Baker,09553290810,Taunggyi,2023-02-21
28,Stephanie Ross,09602564736,Mawlamyine,2025-10-29
29,Zachary Hicks,09830448745,Bago,2025-12-18
30,Anthony Rodriguez,09386501362,Naypyidaw,2021-08-17
31,Rebecca Henderson,09269820594,Bago,2025-11-29
32,James Ferrell,09637500247,Mawlamyine,2021-08-06
33,Tricia Valencia,09420452650,Mawlamyine,2024-06-01
34,Nathan Maldonado,09501486939,Mawlamyine,2025-05-14
35,Debra Davidson,09100614068,Taunggyi,2021-02-09
36,Jeffrey Chavez,09489747629,Pathein,2025-07-11
37,Sherri Baker,09162196678,Mawlamyine,2021-06-11
38,Cassandra Gaines,09621828280,Pathein,2023-12-27
39,Elizabeth Fowler,09237859287,Mawlamyine,2021-12-05
40,Brittany Farmer,09751325257,Mandalay,2024-01-10
41,Paula Moreno,09840739735,Naypyidaw,2023-03-29
42,Fred Smith,09797801251,Mawlamyine,2023-07-14
43,Sherry Decker,09341266931,,2021-02-13
44,Anthony Humphrey,09347083812,Yangon,2021-05-26
45,Angelica Tucker,09163215224,Yangon,2025-10-27
46,Philip Cannon,09652070932,Bago,2023-09-22
47,John Pierce,09242068763,Mawlamyine,2024-03-26
48,Shane Henderson,09942478695,Taunggyi,2022-01-25
49,Joshua Blair,09807577342,Taunggyi,2023-04-22
50,Eric Carney,09882839238,,2024-08-31
51,Jessica Holmes,09205675387,,2025-01-31
52,Danny Morgan,09217326729,Mandalay,2024-01-04
53,Crystal Robinson,09552991960,Taunggyi,2022-05-27
54,Mark Perez,09180943908,Pathein,2025-10-20
55,Shannon Jones,09154318806,Mawlamyine,2025-09-09
56,Michael Lewis,,Pathein,2025-10-05
57,Timothy Duncan,09536383774,Mandalay,2025-11-06
58,Richard Aguirre,09162959284,Yangon,2023-03-11
59,Brent Jordan,09941889393,Naypyidaw,2023-05-17
60,John Daniel,09884374109,Mawlamyine,2024-09-17
61,Victoria Garcia,09266211829,Mandalay,2021-04-30
62,Gerald Hensley,09682177668,,2022-10-05
63,Connor West,09727255918,Pathein,2023-12-24
64,Donald Wright,09645276696,Mandalay,2021-05-21
65,Jessica Callahan,09825003955,Taunggyi,2021-09-03
66,Amber Kidd,09711684318,Mawlamyine,2021-03-23
67,Tracy House,09550139320,Mawlamyine,2023-12-07
68,Carol Tucker,09379995032,Bago,2022-10-06
69,James Brown,09524971817,Bago,2022-09-07
70,William Baker,09907308348,Yangon,2023-07-28
71,Jordan Henderson,09704509817,Yangon,2024-01-07
72,Whitney Peters,09384756779,Naypyidaw,2025-12-10
73,Brittney Phillips,09362298393,Mandalay,2023-06-17
74,Lauren Daniels,09855420240,Pathein,2024-09-01
75,Amy Silva,09817112652,Naypyidaw,2024-09-20
76,Sarah Moore,09244193987,Yangon,2025-03-01
77,Angela Lopez,09392431670,Mandalay,2025-01-09
78,Megan Young,09838194420,Naypyidaw,2023-11-02
79,Steve Sanchez,09154544899,Taunggyi,2025-08-26
80,Lisa Barnes,09103807155,Mandalay,2024-07-28
81,Kelly Donovan,09273497327,Mawlamyine,2024-12-16
82,Mike Allen,09110382761,Bago,2021-11-02
83,Michael Evans,09996139578,Mawlamyine,2021-10-31
84,Paul Jones,09144913399,Pathein,2025-10-29
85,Zachary Ferrell,,Bago,2022-05-27
86,Daniel Baker,09479759538,Pathein,2023-04-13
87,Shirley Suarez,09904745462,Mandalay,2025-11-06
88,Christopher Bass,09958872154,Taunggyi,2021-02-20
89,Lisa Archer,09456681425,Taunggyi,2025-07-01
90,Aimee Montoya,09889262019,Naypyidaw,2021-11-23
91,Matthew Mcmillan,09216066793,Yangon,2025-10-25
92,Brian Rodriguez,09314289692,Taunggyi,2022-12-18
93,Denise Jacobs,09953995721,Mandalay,2021-02-18
94,Christina Walters,09527849588,Pathein,2021-05-23
95,John Whitehead,09399708182,Mawlamyine,2023-03-30
96,Anna Henderson,09675757257,Yangon,2021-08-25
97,Aaron Wise,09380477683,Naypyidaw,2021-03-20
98,Deborah Figueroa,09566609283,Pathein,2022-10-05
99,Jessica Smith,09649136331,Mawlamyine,2022-01-25
100,Stephen Mckee,09861052404,Mawlamyine,2025-07-10
101,Sandra Aguilar,09872482077,Bago,2024-10-05
102,Cameron Parker,09563102056,,2024-09-22
103,Rebecca Valencia,09769108025,Pathein,2021-09-13
104,Christine Wright,09422468580,Bago,2023-04-17
105,Richard Henson,09848621833,Mandalay,2022-01-28
106,Marc Moore,09507104143,Mandalay,2024-06-14
107,Sharon Cherry,09536019893,Yangon,2022-09-15
108,Sierra Johnson,09561588882,Mawlamyine,2024-09-02
109,Evelyn Galvan,09574364121,Mandalay,2023-11-13
110,Sharon Cochran,09954725078,Bago,2021-06-23
111,Richard Rodriguez,09812807629,Naypyidaw,2021-07-11
112,Shannon Walker,09906528433,Naypyidaw,2022-04-06
113,Julia Torres,09258220114,,2022-05-17
114,Crystal Johnson,09756350429,Yangon,2023-07-22
115,Garrett Lin,09776205431,Bago,2024-11-27
116,Diana May,09529123992,Bago,2024-11-09
117,William Herrera,,Pathein,2025-12-19
118,Ashley Waller,09556497252,Pathein,2024-11-26
119,Victor Baker,09153921577,Pathein,2021-09-06
120,Jeffrey Chandler,09960514523,Mawlamyine,2024-02-19
121,Larry Dixon,09910943524,Mawlamyine,2025-07-28
122,Kenneth Scott,09642001424,Mawlamyine,2023-07-03
123,April Frost,09898493949,Taunggyi,2022-06-15
124,Michelle Harmon,09784683755,Pathein,2023-12-04
125,Helen Jones,09356888294,Yangon,2025-01-01
126,Erin Edwards,09391751878,Mawlamyine,2021-06-15
127,Michelle Evans,09348315126,Mandalay,2024-12-17
128,Jason Powell,09545461013,Mawlamyine,2023-08-13
129,Cameron Fisher,09322086735,Taunggyi,2025-04-26
130,Megan Orr,09846812123,,2025-12-09
131,Elizabeth Kelley,09508431021,Naypyidaw,2022-09-04
132,Dustin Jordan,09997356828,Bago,2025-02-13
133,Mary Marshall,09747737533,Taunggyi,2022-03-26
134,Daniel Kennedy,09621454127,,2022-11-20
135,Rebecca Jackson,09956998797,Mandalay,2025-09-18
136,Jose Schultz,09237039296,Mawlamyine,2021-02-25
137,Robert Potter,09735540030,Yangon,2021-06-21
138,Courtney Gonzalez,09245706210,Mandalay,2021-04-13
139,David Alvarez,09451492250,Naypyidaw,2022-11-23
140,Angel Perry,09507083673,Pathein,2023-05-14
141,Cheyenne Horton,09187946147,Bago,2024-01-10
142,David Douglas Jr.,09475767056,Yangon,2025-05-19
143,Patricia Rodriguez,09143226844,Mandalay,2022-02-13
144,Christopher Rubio,09767154083,Mandalay,2023-08-28
145,Amber Wright,09705557720,Taunggyi,2024-12-03
146,Joyce Solis,09496098177,Mawlamyine,2025-03-12
147,Victoria Larson,09935147672,Naypyidaw,2021-08-10
148,Stephanie Salazar,09434961542,Taunggyi,2023-03-24
149,Kathy Rivas,09312954978,,2024-11-15
150,Stephanie Manning,09360757540,Pathein,2022-09-10
151,David Wright,09744687060,Pathein,2024-03-05
152,Pamela Boyd,09472807202,Bago,2023-01-29
153,Denise Jones,09795294275,Pathein,2023-05-11
154,Devon Flores,09213321496,Naypyidaw,2024-07-25
155,Brenda Hall,09593641365,Taunggyi,2021-12-27
156,Michelle Brown,09798423334,Pathein,2024-01-08
157,Joshua Perry,09599154414,Bago,2024-04-28
158,Jason Stein,09363598427,Yangon,2022-07-26
159,Melissa Gates,09361846370,Mawlamyine,2024-06-03
160,Jamie Smith,09461203124,,2025-10-09
161,Paul Castaneda,09623502759,Pathein,2022-06-14
162,Jennifer Adkins,09740116562,Naypyidaw,2024-02-13
163,Lindsey Walker,,Yangon,2022-05-10
164,Jeffrey Johnson,09624606470,Mandalay,2024-11-15
165,Michael Powell,09864334960,Pathein,2021-02-05
166,John Anderson,09337937327,Mandalay,2022-09-20
167,Alyssa Long,09496232693,Mawlamyine,2022-12-06
168,Alyssa Day,09900942073,Naypyidaw,2024-12-10
169,Joel Williams,09429233929,Yangon,2025-01-17
170,Daniel Murphy,09228370927,Pathein,2024-11-14
171,Jamie Walton,09332341238,Naypyidaw,2025-01-23
172,Darlene Miller,09916267011,Naypyidaw,2021-07-25
173,Joshua Cooke,09418092217,Mandalay,2022-09-12
174,Matthew Harrington,,Naypyidaw,2021-04-04
175,Nicole Herring,09694164665,Mandalay,2024-07-30
176,Alex Hernandez,09627076988,Yangon,2024-03-21
177,Michael Elliott,09614015466,Mandalay,2021-04-16
178,Michael Wang,09612957813,Yangon,2023-04-01
179,Lawrence Adkins,09719571745,Yangon,2021-11-07
180,Robert Oconnell,09704344408,Yangon,2022-05-24
181,Alexander Collins,09920814900,Mawlamyine,2025-06-08
182,Tina Sanders,09932894596,Taunggyi,2023-06-26
183,Angela Vaughn,09731924051,Naypyidaw,2024-03-10
184,Ashley Barton,09754586204,Yangon,2025-04-12
185,Lindsay Martinez,09326586581,Yangon,2021-11-18
186,Dr. Hannah Patterson,09692697161,,2021-01-06
187,Jonathan Peterson,09840206617,Naypyidaw,2021-03-08
188,Samantha Garcia,09859088046,Pathein,2023-07-19
189,Madison Poole,09350636897,Pathein,2025-06-09
190,Jessica Gross,09809939880,Mandalay,2023-05-21
191,Debra Morton,09341387305,Naypyidaw,2025-08-20
192,Karen Graham,09164035859,Naypyidaw,2024-05-03
193,Debra Christian,09711181411,Taunggyi,2021-09-12
194,Angelica Keith,09426515425,Naypyidaw,2023-10-22
195,John Bishop,09570040006,Yangon,2025-12-27
196,Allen Rosales,09446090161,Yangon,2021-07-07
197,Daniel Salinas,09824022357,Mawlamyine,2024-04-17
198,Spencer Haynes,09921155204,Naypyidaw,2024-03-26
199,Adam Vaughan,,Taunggyi,2023-11-29
200,Nathan Freeman,09398668350,Mawlamyine,2023-06-12
201,Melissa Brewer,09627986559,Taunggyi,2022-12-14
202,Ricky Davis II,09444733679,Pathein,2021-11-26
203,Elizabeth Perkins,09844826434,Bago,2023-04-01
204,Joseph Coleman,09690661740,,2021-06-30
205,Erin Warner,09447112584,Pathein,2023-04-08
206,David Martinez,09985758835,Bago,2025-11-16
207,Bryan Herrera,09543721204,,2023-11-28
208,Cathy Robinson,09912224654,Taunggyi,2025-04-06
209,Dr. William Warren,09386749454,Naypyidaw,2023-06-17
210,Brian Lee,09620455331,Bago,2024-05-31
211,Christopher Smith,09862123506,Mawlamyine,2021-01-29
212,Denise Mccann,09200082623,Pathein,2021-08-21
213,Melissa Martinez,09226128312,Mandalay,2023-10-18
214,Katherine Salas,09413383963,Naypyidaw,2023-05-01
215,Julie Alexander,09607042130,Mawlamyine,2021-10-24
216,Anthony Everett,09743576792,Mandalay,2025-11-05
217,Rodney Morales,09929653607,Taunggyi,2022-11-28
218,Mark Brown,09645179180,Yangon,2022-08-03
219,Justin Torres,09999232921,Bago,2023-09-30
220,Bailey Duran DDS,09579476614,Naypyidaw,2022-11-12
221,Courtney Mills,09683503591,Naypyidaw,2025-11-16
222,Jeremy Dalton,09848933239,Taunggyi,2022-04-24
223,Elizabeth Oliver DDS,09541066404,,2025-03-06
224,Theresa Clark,09971243675,Bago,2025-06-11
225,Matthew Moore,09263321843,Yangon,2021-09-16
226,Benjamin Smith,09733701411,Yangon,2025-11-26
227,Kirk Carter,09207064620,Taunggyi,2021-02-01
228,Michael Warner,09540211187,Mandalay,2021-06-03
229,Michael Bradshaw,09384566044,Bago,2023-03-26
230,Lori Guerrero,09452794611,Pathein,2023-12-29
231,Jessica Stephens,09440012324,Pathein,2023-09-27
232,Susan Serrano,09138546365,Mandalay,2024-07-16
233,Christopher Parker,09408570854,Bago,2021-07-05
234,Laura Roberts,09205702499,Bago,2025-11-23
235,Michael Lyons,09278632824,Yangon,2021-04-05
236,Kathryn Snyder,09160257560,Naypyidaw,2023-06-02
237,Andrew Reynolds,09670335494,Bago,2025-06-12
238,David Davis,09287979290,,2025-11-19
239,Sara Johnston,09833510170,Mawlamyine,2021-10-21
240,Yvonne Chambers,09784944881,Naypyidaw,2024-09-27
241,Andrew Avila,,Naypyidaw,2024-10-19
242,Matthew Moon,09179308612,Naypyidaw,2024-04-18
243,Kevin Walters,09555598254,Taunggyi,2025-09-28
244,Brandon Bailey MD,09513061224,Yangon,2022-05-01
245,Shannon Rivera,09485429460,Bago,2022-08-28
246,Donna Landry,,Taunggyi,2022-07-17
247,Krista Gibson,,Pathein,2025-03-06
248,Frank Cordova,09751124015,Pathein,2022-08-10
249,Jose Travis,09347087743,Naypyidaw,2022-03-25
250,Kimberly Gutierrez,09766676815,Pathein,2025-01-16
251,Isaiah Avila,09831062591,Bago,2021-07-18
252,Olivia Harris,09794002948,,2025-06-04
253,Tanya Kim,09722312633,Mandalay,2021-07-04
254,Barbara Dudley,09450811990,Mandalay,2022-02-16
255,Cynthia Moore,09679184667,Naypyidaw,2023-12-24
256,Kristen Davis,09392624015,Naypyidaw,2025-08-16
257,Susan Murray MD,09965960427,Pathein,2022-11-25
258,Kathleen Moran,09602866993,Mandalay,2025-03-25
259,Denise Davenport,09826197069,Taunggyi,2025-09-29
260,Mrs. Kristen Reyes,09492747974,Taunggyi,2021-01-29
261,Katie Suarez,09232702394,Bago,2025-03-14
262,Desiree Tyler,09727666622,Bago,2023-01-31
263,Timothy Romero,09351064359,Mawlamyine,2025-12-16
264,Diane Evans,09452194058,Mandalay,2024-08-19
265,Yvonne Burns,09984607950,Bago,2022-09-11
266,Joshua Reed,09225279834,Yangon,2022-09-16
267,Kimberly Gibson,09224683417,Mawlamyine,2021-10-05
268,Colin Terry,09498370582,Bago,2024-11-27
269,Cynthia Rowe,09550033924,Bago,2021-11-13
270,Patrick Thornton,09803217037,Taunggyi,2024-06-14
271,Jasmin Alvarado,09400368694,,2023-01-29
272,Veronica Simpson,09577488537,Pathein,2023-01-13
273,Jonathan Lawrence,09836243579,Bago,2023-01-05
274,Shelly Alexander,09396225446,Yangon,2025-10-03
275,Joyce Bowen,09198433586,Bago,2024-08-02
276,Matthew Moore,09122932394,,2022-11-15
277,Wayne Morgan,09235209737,Mandalay,2021-05-21
278,Marie Christian,09695076080,Mandalay,2025-07-24
279,Shannon James,09452788129,Pathein,2024-05-05
280,Nathan Malone,,Mandalay,2021-09-24
281,Amanda Jones,09957397689,Bago,2025-11-10
282,Tammie Bright,,,2025-06-06
283,Jessica Garcia,09732276010,Mandalay,2022-06-28
284,Shelia Wallace,09896413702,Yangon,2025-03-08
285,Stephanie Williams,09581331845,Mawlamyine,2024-04-30
286,Elaine Brooks,09640992677,Mawlamyine,2021-03-30
287,Joseph Knight,09807491789,Taunggyi,2024-08-10
288,Carolyn Miller,09165310776,Pathein,2023-04-03
289,Lisa Allen,09215923129,Taunggyi,2021-05-31
290,Briana Murray,09445864933,Yangon,2021-09-16
291,David Smith,09779760958,Bago,2022-10-28
292,Stephanie Byrd,09741444618,Taunggyi,2023-11-02
293,Jeremy Reed,09206492059,Yangon,2025-10-13
294,Margaret Coleman,09925667446,Pathein,2022-03-17
295,Ryan Gonzalez,09345343109,Pathein,2023-07-18
296,John Young,09883415470,Taunggyi,2022-10-03
297,Laura Haney,09501902658,Bago,2023-08-30
298,William Barrett,09993108266,Taunggyi,2021-07-17
299,Keith Jennings,09500126515,Mawlamyine,2021-05-03
300,Amber Obrien,09702998820,Bago,2021-09-08
301,Tanner Mitchell DDS,09814403943,Taunggyi,2025-11-13
302,Heather Fields,09155239803,Mawlamyine,2022-10-02
303,Megan Le,09720535283,Mandalay,2024-09-06
304,Sara Fuller,09216198604,Mawlamyine,2023-01-23
305,Maria Parker,09399110343,Pathein,2023-05-29
306,Kevin Oconnor,09924024405,Mawlamyine,2024-10-14
307,Edward Burgess,09128189836,Bago,2025-08-26
308,Carlos Ryan,09131088245,Bago,2025-04-11
309,Kiara Mcintyre,09464883950,Mandalay,2025-11-17
310,Dawn Summers,09805818425,Mandalay,2025-02-26
311,Dr. Paul Morgan,09132917811,Mawlamyine,2022-03-17
312,Victor Taylor,09587098457,Naypyidaw,2022-10-01
313,Shannon Ramsey,09934120892,Mawlamyine,2021-06-23
314,Tracy Ballard,09267052653,Mawlamyine,2021-04-12
315,Richard Smith,09392168202,Taunggyi,2023-09-22
316,Jordan Chambers,09544726404,Pathein,2023-11-16
317,Lauren Carson,09561616250,Bago,2024-10-21
318,Ashley Hall,09665791188,Yangon,2022-03-28
319,Stephen Hoffman,09743520276,,2022-02-23
320,Connie Brown,09326810757,Pathein,2022-06-08
321,Susan Turner,09228832213,,2025-03-10
322,Charles Shah,09238712095,Bago,2022-04-17
323,Johnathan Davis,09994807263,Naypyidaw,2021-05-28
324,Brandy Chavez,09896760809,,2021-02-08
325,Natalie Bautista,09183604337,Mawlamyine,2023-05-30
326,Patrick Moore,09861818706,Naypyidaw,2021-08-24
327,Brett Burns,09448717183,Mawlamyine,2023-08-01
328,Trevor Johnson,09488536370,Pathein,2021-08-05
329,Jeremy Sampson,09732295732,Yangon,2023-03-22
330,Ariana Jennings,09900801837,Naypyidaw,2025-05-15
331,Vanessa Howard,09648127255,Mawlamyine,2023-11-11
332,Colton Martinez,09933468715,Bago,2025-08-05
333,Jordan Bates,09258580752,Mandalay,2022-06-09
334,Linda Smith,09746820987,Pathein,2024-09-04
335,Dana Martinez,09929839316,Taunggyi,2025-03-26
336,Andrea Hubbard,09722199123,Mawlamyine,2024-08-09
337,Daniel Kane,09770575153,Bago,2022-10-10
338,Charles Lester,09173321814,Bago,2022-09-13
339,Scott Thomas,09735032128,,2023-11-06
340,David Thompson,09595792218,Yangon,2023-01-26
341,Allison Smith,09182389284,Pathein,2021-07-04
342,Cynthia Morris,09644459924,Mawlamyine,2024-02-10
343,Anthony Harmon,09893410426,Taunggyi,2025-07-17
344,Nichole Alvarez,09302120588,Taunggyi,2023-10-24
345,Kayla Rodriguez,09166436383,Pathein,2025-09-11
346,Theresa Williams,09866990485,Bago,2021-12-20
347,Sharon Boyd,,Taunggyi,2023-12-10
348,Victor Brown,09270452446,Naypyidaw,2023-03-05
349,James Parks,09463318956,Yangon,2025-06-05
350,Theodore Jones Jr.,09459327003,,2021-07-13
351,Ana Hill,09515070154,Bago,2025-10-11
352,Kimberly Nguyen,09747145068,Naypyidaw,2021-06-16
353,Kerry Chavez DDS,09251857566,Naypyidaw,2024-09-05
354,Michael Farrell,09520861681,Bago,2021-06-23
355,Patricia Le,09504456327,Naypyidaw,2025-07-24
356,Jesse Perez,09854658900,Bago,2024-11-04
357,Jesse Perry,09200344359,Taunggyi,2023-11-08
358,Jeffery Ortega,09489336282,Mandalay,2022-12-01
359,Christian Leblanc,09622129427,Mandalay,2021-11-14
360,Ronald Davis,09946237594,Pathein,2024-01-11
361,Parker Cain,09665359037,,2022-11-21
362,Laurie Hoffman,09763606238,Taunggyi,2021-11-12
363,Bryan Gomez,09992649957,Mawlamyine,2025-07-15
364,Nicole Parrish,09874364348,Taunggyi,2023-01-17
365,Tracy Burke,09355046107,Mawlamyine,2022-08-07
366,Kenneth Lewis,09941599226,Mawlamyine,2022-05-05
367,Courtney Rodriguez,09968253265,Pathein,2022-02-02
368,Holly Farmer,09712483158,Taunggyi,2025-04-25
369,Renee Bruce,09510032406,Taunggyi,2021-11-28
370,Sabrina Austin,09960345542,Pathein,2022-05-28
371,Allison Hickman,09616030284,Mawlamyine,2021-07-30
372,Debra White,09653953485,Naypyidaw,2021-06-21
373,Ellen Morgan,09392907427,Mawlamyine,2021-10-29
374,Sergio Knight,09198476695,Mandalay,2025-07-31
375,Charles Schultz,09475364113,Taunggyi,2021-04-20
376,Paul Lewis,09501538092,Yangon,2023-02-07
377,Glen Wood,09442185272,Pathein,2025-01-03
378,Paula Bradley,09949738493,Yangon,2022-08-11
379,Anthony Moore,09607294618,Mandalay,2025-04-04
380,Megan Nelson,09581682167,Yangon,2021-02-08
381,Karla Ramos,09996534803,Bago,2024-05-31
382,Paul Wilson,09219385981,Mandalay,2022-09-09
383,Douglas Gregory,09356022467,Pathein,2024-06-29
384,Mr. Andrew Foster,09219032752,Taunggyi,2024-05-07
385,Aimee Turner,09778556450,Mandalay,2025-01-11
386,Chad Scott,09560891752,,2022-12-24
387,Adam Burgess,09547286055,Bago,2021-06-25
388,James Padilla,09487195336,,2023-12-14
389,Sandra Drake,09944403809,Mawlamyine,2021-02-11
390,Scott Williams,09604803700,,2023-03-04
391,Thomas Atkins,09372354893,Naypyidaw,2025-06-03
392,Laura Mckinney,09358906986,Bago,2021-08-01
393,Brian Smith,09889401015,Mandalay,2021-04-01
394,Robert Montgomery,09463512350,Mandalay,2025-08-28
395,Tamara Davis,09598885034,Taunggyi,2024-07-17
396,Dana Chapman,09244796859,,2025-05-09
397,Jennifer Collins,09139711044,Yangon,2025-06-09
398,Gary Jackson,09144996163,Naypyidaw,2023-11-22
399,Ashley Hicks,09975535611,Naypyidaw,2021-03-16
400,Hannah Luna,09305195749,Pathein,2025-05-19
401,Robin Young,,Naypyidaw,2021-09-12
402,Craig Morrison,09569172971,Bago,2023-06-20
403,Mary Thompson,09515156661,Mandalay,2023-10-14
404,Kathleen Webster,09494435754,Mawlamyine,2022-07-01
405,Joann Glass,09880697625,Taunggyi,2024-05-18
406,Madison Weber,09293763673,Naypyidaw,2021-07-30
407,Lori Hernandez,09809656613,Taunggyi,2024-05-19
408,Jeremy Turner,09278933456,Naypyidaw,2023-07-05
409,Anthony Romero,,Naypyidaw,2024-06-13
410,Jesse Brown,09394801573,Pathein,2021-04-28
411,Angela Lin,09784523874,Mawlamyine,2025-06-29
412,Lisa Hunter,09271784435,Mandalay,2025-10-05
413,Julian Conner,09938927341,Mandalay,2021-05-18
414,Joanna Pacheco,09792738367,Taunggyi,2024-03-07
415,Erica Alvarez,,Taunggyi,2023-01-30
416,Antonio Garcia,09919355714,,2021-10-09
417,Gwendolyn Klein,09527385805,Naypyidaw,2022-05-27
418,Carrie Wright,09127824235,Taunggyi,2023-11-27
419,Jeffrey Mills,09703091482,Pathein,2022-06-18
420,Jake Campbell,09330393232,Naypyidaw,2024-11-22
421,George Harper,09627422192,Mandalay,2025-10-13
422,Maria Jones,09285388355,Taunggyi,2021-06-29
423,Michael Mitchell,09443154754,Bago,2021-05-13
424,Mary Escobar,09411774120,Pathein,2021-11-19
425,Felicia Aguilar,09851854702,Pathein,2023-01-11
426,Gregory Ponce,09230311939,Pathein,2021-10-12
427,Jenna Larson,09630452018,,2024-02-09
428,Emily Bennett,09601873197,Mawlamyine,2021-09-23
429,Robin Santiago,09192573170,,2023-03-27
430,Nancy Jennings,09871880418,Taunggyi,2025-04-25
431,Maria Henderson,09717294720,,2022-10-12
432,Jack White,09583156434,Mawlamyine,2022-12-07
433,Travis Tucker,09990189659,Bago,2024-04-18
434,Chad Jones,09238548086,Pathein,2021-04-24
435,Ashley Wise,09656307931,Mandalay,2021-11-28
436,Sophia Johnson,09861639583,Mawlamyine,2022-08-05
437,Ralph Anderson,09369085407,Mawlamyine,2022-07-17
438,Christopher Guerra,09425155441,Yangon,2023-10-27
439,Rhonda Martin,09735449477,Mandalay,2021-12-17
440,Jason Rhodes,09873773537,Naypyidaw,2025-09-22
441,Jeremy Mitchell,09144232045,Yangon,2021-06-16
442,Joann Ferguson,,Mawlamyine,2022-06-27
443,Robert Harrison,09923515952,Mawlamyine,2024-08-01
444,Holly Valentine,,Mawlamyine,2022-08-17
445,Mrs. Diane Reyes,09424371087,Pathein,2025-07-12
446,Tracy Montoya,09419367188,Bago,2021-05-03
447,Brenda Wright,09546270451,Mandalay,2022-11-28
448,Shelly Spencer,09435632899,Naypyidaw,2025-02-12
449,Ryan Rosales,09470838810,Mandalay,2025-04-07
450,Phillip Nelson,09703068400,Mandalay,2023-08-14
451,Brittany Kim,09582750043,Yangon,2021-04-14
452,Courtney Hayes,09512477736,Taunggyi,2022-05-24
453,Alexander Brown,09271476207,Mawlamyine,2025-01-16
454,Cynthia Vang,09919395339,Mawlamyine,2023-08-15
455,Alfred Galvan,09431292818,Yangon,2023-03-17
456,Marie Moody,09358480413,Naypyidaw,2021-04-10
457,Dustin Gallegos,09631388604,Pathein,2024-09-01
458,Brenda Thornton,09406819991,Pathein,2021-08-09
459,Aaron Miller,09383975609,Pathein,2023-04-06
460,Ruben Dunn,09530121245,,2024-02-25
461,Kelsey Rodriguez,09694018597,Taunggyi,2023-10-30
462,Eric Williams,09690404558,Mawlamyine,2024-10-25
463,Riley Bryant,09238151258,Taunggyi,2023-02-04
464,Taylor Carlson,09464090064,Naypyidaw,2025-03-27
465,Jose Allen,09746889670,Mawlamyine,2021-03-24
466,Jeffrey Mendez,,Naypyidaw,2025-07-05
467,Jason Beck,09590687732,Mawlamyine,2021-10-14
468,William Jones,09758276886,Taunggyi,2024-06-16
469,Katie Mcneil,09421300425,Mawlamyine,2025-08-24
470,Jeanette Harrison,09625968839,Naypyidaw,2023-08-31
471,Veronica King,09495521185,Yangon,2023-05-04
472,Richard Cooper,09955508961,Pathein,2024-11-10
473,Lori Ingram,09740926818,Bago,2025-05-23
474,Evelyn Williams,09721132087,Bago,2021-04-16
475,Robin Thompson,09283085932,Bago,2024-06-23
476,Julie Dominguez,09508226265,Bago,2022-05-12
477,Robin Brown,,Yangon,2022-01-26
478,Judith Carter,,Mandalay,2023-04-26
479,Curtis Williams,09540639384,Mawlamyine,2023-08-24
480,Kaylee Hays,09890099255,Bago,2021-10-10
481,Dawn Mullins,09702247585,Bago,2023-09-07
482,Howard Norman,09436889280,Taunggyi,2023-12-28
483,Evelyn Martinez,09480412754,Pathein,2025-01-16
484,Steve Paul,09962915335,Mawlamyine,2023-09-19
485,Jasmine Beltran,09364697908,Naypyidaw,2022-04-06
486,Jonathan Glass MD,09419561201,Bago,2022-03-01
487,Monica Miller,09625063062,Naypyidaw,2024-02-22
488,Samantha Gardner,09954059995,Naypyidaw,2021-09-07
489,Bobby Guerrero,09683246764,Taunggyi,2025-08-04
490,Lance Simmons,09930071496,Naypyidaw,2021-03-28
491,Heather Williams,09866803374,,2023-06-25
492,Heather Bolton,09902448600,Mandalay,2025-08-23
493,William Gould,09703462253,Mandalay,2021-08-12
494,Mark Cox,09730104453,Yangon,2024-10-03
495,Meghan Cisneros,09342313086,Yangon,2021-07-25
496,Lawrence Harrington,09870257350,Bago,2025-04-28
497,Austin Osborne,09690936560,Mandalay,2023-04-14
498,James Bradley,09610778600,Mandalay,2025-03-29
499,Meghan Rush,09444851196,Yangon,2025-04-24
500,Phillip Berry,09716470999,Bago,2025-01-20
501,Jennifer Banks,09140048684,Mandalay,2023-05-06
502,Brian Fitzgerald,09288751681,Yangon,2025-09-09
503,Mr. Justin Green III,09631914410,Bago,2025-11-22
504,Zachary Mitchell,09140229006,,2024-03-09
505,Katherine Martinez,09459748735,Bago,2024-01-18
506,Jodi Roach,09244096091,Taunggyi,2022-07-13
507,Brandon Fleming,09220953538,Bago,2023-07-29
508,Emma Reed,09871588919,Bago,2022-11-22
509,Joshua Vance,09709650444,Mandalay,2021-12-26
510,Michelle Ho,09785826598,Pathein,2023-05-26
511,Rebecca Hicks,09193133974,Yangon,2022-01-14
512,Curtis Taylor,09612662437,Mandalay,2021-01-14
513,Allison Spencer,09352889019,Naypyidaw,2022-11-07
514,Robert Arnold,09876189202,Naypyidaw,2024-08-31
515,Angelica Parker,09353727962,,2021-08-31
516,Dr. Kelly Hammond DVM,09271494637,Mawlamyine,2025-12-24
517,William Day,09433910025,Bago,2022-08-28
518,Michael Cooper,09337135066,Mandalay,2023-09-07
519,Penny Bowman,09902874167,Naypyidaw,2023-05-02
520,Vincent Reynolds,09605547798,Pathein,2024-09-22
521,Amy Martinez,09918040539,Pathein,2024-05-05
522,Christopher Morris,09187907572,Mawlamyine,2024-12-12
523,Hannah Everett,09705771555,Pathein,2024-01-27
524,Sarah King,09317064188,Mandalay,2021-12-03
525,Krista Martinez,09658712474,Bago,2022-02-25
526,Joseph Shaw,09624875038,Mawlamyine,2023-07-02
527,Todd Moore,09586869229,Taunggyi,2023-07-25
528,Michelle Jacobs,09700003920,Pathein,2022-09-24
529,Kristy Bryan,09525146690,Yangon,2025-03-08
530,Angel May,09178414859,,2022-12-07
531,Marilyn Wang,09681069884,Yangon,2023-08-25
532,Mark Jimenez,,Pathein,2021-10-05
533,Donna Frye,09883068639,Taunggyi,2023-02-06
534,Dr. Michael Evans,09510684364,Taunggyi,2023-02-09
535,Anthony Gonzales,09810594320,Mandalay,2024-08-31
536,Mr. Lawrence Edwards,09227381397,Mawlamyine,2023-03-16
537,Morgan Valencia,09881531720,Pathein,2021-01-08
538,Bianca Wood,09420364823,Bago,2024-01-21
539,Emma Owens,09507245006,Mandalay,2023-08-02
540,David Davis,09395976645,Bago,2025-04-17
541,James Gilbert,09969170578,Mawlamyine,2025-04-18
542,Sean Moore,09116799547,Yangon,2021-07-26
543,Kenneth Edwards,09579362443,Bago,2025-11-22
544,Kathleen Robertson,,Taunggyi,2023-06-18
545,Mr. Alexander Landry MD,09333291033,Pathein,2021-04-26
546,Cindy Gomez,09410594268,Bago,2024-03-25
547,Johnny Khan,09742009209,Pathein,2022-10-19
548,Julie Herrera,09253824712,Mawlamyine,2022-03-29
549,Jessica Khan,09395444277,,2024-04-26
550,Pamela Diaz,09288047830,Taunggyi,2024-02-13
551,Kelly Lee,09469812603,Bago,2023-02-20
552,Angel Gordon,09442238518,Taunggyi,2021-11-02
553,Diana Hays,09297438548,Taunggyi,2022-05-09
554,Barbara Hester,09422913264,Mandalay,2025-07-09
555,Robert Morgan,09161873231,Taunggyi,2024-02-16
556,Nicole Gonzalez,09517061783,Mandalay,2022-11-08
557,Kathryn Williams,09582954920,Yangon,2024-01-02
558,Gary Wells,09304528085,,2023-02-12
559,Larry Robertson,09747382621,,2021-05-30
560,Louis Martin,09917865301,Bago,2024-02-19
561,Nancy Evans MD,09324292944,Naypyidaw,2022-09-13
562,Kim Erickson,09116464447,Mandalay,2025-02-27
563,Robert Richardson,09909956465,Mandalay,2024-11-25
564,Veronica Silva,09319594317,Mandalay,2024-02-05
565,Molly Watts,09403932500,Mawlamyine,2024-08-21
566,John Coffey,09380849661,Taunggyi,2023-08-13
567,Paula Lane,09875685667,Pathein,2022-10-18
568,Lauren Jackson,09498041381,Yangon,2024-02-27
569,Lisa Randall,09895913682,Naypyidaw,2024-02-08
570,Michael Johnson,09721849977,Naypyidaw,2021-11-09
571,Ashley Smith,09346980616,Pathein,2022-05-19
572,Christian Vaughn,09802879944,Naypyidaw,2022-06-12
573,Reginald Knapp,09624652904,Bago,2025-02-23
574,Nancy Brown,09280639501,Naypyidaw,2021-12-13
575,Daniel Nguyen,09686849648,Mawlamyine,2024-08-07
576,Kelly Edwards,09662581035,,2025-10-01
577,Thomas Peterson,09978316418,Pathein,2021-01-14
578,Raymond Le,09777210736,Bago,2021-11-06
579,Melissa Bishop,,Naypyidaw,2021-05-04
580,David Grant,09815922437,Taunggyi,2024-09-12
581,William Evans,09107099962,Taunggyi,2021-01-25
582,Daniel Bush,,Mawlamyine,2022-08-11
583,Gregory Peck,,Bago,2023-06-01
584,Denise Martinez,09292486308,Yangon,2023-12-10
585,Jamie Baird,09306085476,Naypyidaw,2025-07-28
586,Tina Ballard,09953556386,Naypyidaw,2023-04-12
587,Dwayne Klein,09361142486,Mandalay,2022-09-07
588,Jeremy Scott,09186561759,Pathein,2024-08-23
589,Dale Ryan,09200395400,Taunggyi,2024-02-06
590,Melissa Taylor,09783703040,,2021-12-17
591,Laurie Sanchez,09565906941,Naypyidaw,2024-03-04
592,Kiara Little,09202393989,Yangon,2022-04-16
593,Jason Love,09843338269,Taunggyi,2022-07-10
594,Randy Smith,,,2022-07-29
595,Tanya Russell,09705064109,Mandalay,2025-10-08
596,Sherry Woods,09322434334,Pathein,2025-08-08
597,Victor Morris,09527667092,Naypyidaw,2021-11-29
598,Susan Davis,09708485104,Taunggyi,2024-10-18
599,Kimberly Sharp,09456192204,Bago,2021-10-14
600,Susan Thompson,09840141559,Mawlamyine,2025-03-07
601,Casey Gillespie,09157656107,Mandalay,2025-09-14
602,Jennifer Simpson DVM,09749794986,Mawlamyine,2023-03-24
603,Tammy Mcdowell,09450444259,,2022-07-14
604,Keith Rodriguez,09583774585,Naypyidaw,2024-02-07
605,Mrs. Virginia Daniels,09563693201,Mawlamyine,2024-09-15
606,Todd Rosales MD,09929108437,Pathein,2022-05-20
607,Brian Martin,09188087644,Taunggyi,2024-12-28
608,David Lopez,09265653546,Naypyidaw,2023-01-09
609,Rachel Bradley,09105578324,Taunggyi,2023-01-08
610,Casey Chase,09209770151,Mandalay,2023-06-02
611,Samantha Robertson,09695647539,Yangon,2021-02-23
612,Michael Lopez,09695088987,Mawlamyine,2025-05-26
613,Franklin Wright,09513646070,,2023-04-28
614,David Molina,09190945411,Mawlamyine,2022-05-13
615,Elizabeth Sharp,09282088279,Mandalay,2021-10-12
616,Matthew Schwartz,09388199600,Yangon,2021-12-09
617,Bryan Parker,09552155193,Pathein,2021-06-07
618,Jonathan Jacobson,09364774064,Taunggyi,2024-05-01
619,Emily Wilson,09591625191,Naypyidaw,2021-01-14
620,Elizabeth Mendez,09456715514,Taunggyi,2025-07-05
621,Casey Hernandez,09572685761,Pathein,2025-08-14
622,Lisa Perry,09738224541,Naypyidaw,2024-05-20
623,Kaitlin Medina,09315662642,Mandalay,2023-03-27
624,Colleen Wright,09412940071,Bago,2023-10-03
625,Shelley Miller,09939638591,Taunggyi,2022-07-29
626,Michael Miller,09521910884,Mawlamyine,2022-02-14
627,Amy Kelley,09685864775,Pathein,2024-02-01
628,Laura Hernandez,,Bago,2022-03-06
629,Joseph Wilson,09412814503,Yangon,2025-08-05
630,Kevin Davis,09953673740,Taunggyi,2021-10-13
631,Rhonda Chavez,09359868249,Mandalay,2025-01-04
632,Joyce Brown,09504790811,,2024-05-09
633,Robert Cummings,09530361198,Pathein,2024-11-17
634,Robert Reese,09139476288,Naypyidaw,2024-12-07
635,Amber Cooper,09676498415,Yangon,2021-08-12
636,Zachary Michael,09806094391,Mandalay,2024-08-18
637,Timothy Johnson,09704753177,Bago,2024-08-17
638,Randy Cannon,09908186980,Pathein,2023-06-01
639,Maria Fisher,09205877984,Mawlamyine,2025-03-10
640,Janet Kane DVM,09723326773,Mandalay,2023-07-02
641,Michael Stanley,09597210335,Mawlamyine,2024-11-15
642,Martha Bailey,09470405910,Taunggyi,2021-08-03
643,Joshua Rice,09192185888,Bago,2021-10-18
644,Courtney Smith,09468365044,Mandalay,2023-12-04
645,Edwin Nunez,09611275626,Bago,2024-11-27
646,Kim Morrow,09172127903,Pathein,2024-12-26
647,Gregory Hill,09468377143,Bago,2025-06-27
648,Molly Rodriguez,09895094534,Mandalay,2024-02-05
649,Jennifer Miranda,09701133236,Taunggyi,2022-04-20
650,Alexis Harris,09776199993,Bago,2024-09-08
651,Andrew Harper,09131344962,Mandalay,2023-07-10
652,Amber Yang,09517509245,,2022-03-16
653,David Robinson,09907803348,Pathein,2021-05-09
654,Amy Gordon,09958459117,Mandalay,2023-01-20
655,Robert Dennis,09591291025,Bago,2025-11-02
656,Kyle Chambers,09786237617,Taunggyi,2024-06-05
657,Eric Thomas,09222655758,Pathein,2023-07-27
658,Connie Turner,09973744799,Pathein,2022-09-02
659,Travis Hobbs,09733688460,Mandalay,2022-10-04
660,Lori Simmons,09427899285,Naypyidaw,2024-11-21
661,William David DDS,09517109257,Mandalay,2024-03-23
662,Emma Butler,09299451515,Mawlamyine,2024-11-21
663,James Webster,09286009450,Taunggyi,2022-08-15
664,Samuel Turner,09437777716,Mawlamyine,2021-04-20
665,Renee Melendez,09110290140,Mandalay,2025-07-28
666,Tracy Grant,09702994164,Taunggyi,2023-04-18
667,David Harris,09546279777,Taunggyi,2023-09-28
668,Tammy Boone,09707091264,,2025-04-08
669,Nathaniel Lee,09135106082,Mawlamyine,2022-08-15
670,Michael Morrison,09591045102,Pathein,2025-04-18
671,Chelsea Gill,09648473746,Yangon,2022-07-03
672,Kristin Mendoza,09983993176,Mawlamyine,2025-08-12
673,Felicia Krueger,09916048218,Mawlamyine,2022-03-24
674,Timothy Hayden,09209968815,Bago,2025-03-19
675,Zachary Mendoza,09134607126,Naypyidaw,2025-11-01
676,Larry Harris,09571447714,Yangon,2025-05-08
677,Kristen Rowe,09325354965,Mawlamyine,2024-11-12
678,Joseph Howard,09863166250,Taunggyi,2021-12-06
679,Jose Crawford,09942725534,Mandalay,2025-07-08
680,William Harrison,09476685251,Mawlamyine,2024-01-09
681,Suzanne Wood,09855971970,Mawlamyine,2022-07-02
682,Justin Walker,09652348887,Bago,2025-07-28
683,Dean Donovan,09905407446,Yangon,2022-07-22
684,Jennifer Hernandez,09236245128,Mandalay,2022-05-27
685,James Whitaker,09445848708,Pathein,2025-09-24
686,Mr. Michael Scott PhD,09625552311,Bago,2022-07-05
687,Maria Henry,09502838221,Bago,2025-06-16
688,Robert Jackson,09199959766,Bago,2022-07-24
689,Katherine Stark,09496287154,Taunggyi,2022-11-02
690,Maria Brown,09931221434,Yangon,2025-02-05
691,Ryan Landry,09781654847,Naypyidaw,2025-10-08
692,Pamela Gutierrez,09673833903,Taunggyi,2025-08-17
693,Crystal Mann,09388339233,Naypyidaw,2022-11-23
694,Jonathan Brooks,09240224505,Taunggyi,2025-06-03
695,Mary Jensen,09832884547,Yangon,2021-07-23
696,Mr. Aaron Arnold,09998402124,Yangon,2025-10-23
697,Joseph Hill,09590182620,,2023-05-27
698,Alicia Li,09839369897,Bago,2022-09-11
699,Renee Browning,09394226159,Naypyidaw,2022-05-28
700,Brent Hernandez,09813510897,Mandalay,2021-04-17
701,Joseph Ochoa,09428038048,Pathein,2022-04-25
702,James Watson,09197924383,Yangon,2022-03-14
703,Karl Branch,09242485313,Mawlamyine,2024-10-24
704,Michael Abbott,09108657116,Pathein,2021-09-04
705,Shannon Malone,09553456129,Taunggyi,2021-05-26
706,James Tran,09195918514,Yangon,2021-07-31
707,Adam Jackson,09421322967,Pathein,2025-07-24
708,Mr. Richard Knight PhD,09242964672,Bago,2021-10-20
709,Joseph Williams,09704829337,,2024-08-24
710,Sean Clay,09477084942,Bago,2025-03-13
711,Anthony Jones,09542070132,Taunggyi,2025-10-28
712,Stephanie Elliott,09207873599,Yangon,2024-04-22
713,Timothy Edwards,09477458516,Naypyidaw,2025-06-09
714,Laurie Goodwin,09397391755,Mandalay,2024-02-08
715,Jennifer Jones,09874360740,Pathein,2024-11-15
716,David Davenport,,Naypyidaw,2022-02-25
717,Steven Rivera,09647095694,Taunggyi,2022-08-29
718,Brenda Hinton,09941600554,Mandalay,2023-10-11
719,Kathryn Mccann,09358859561,Mawlamyine,2021-05-26
720,Jeffrey Roberson,09112956853,Naypyidaw,2021-09-28
721,Randy Friedman,09710293796,Mawlamyine,2024-10-30
722,Raymond Johnson,09605748101,Pathein,2021-05-30
723,Willie Henry,,,2022-06-21
724,Todd Reynolds,09164927936,Taunggyi,2023-11-04
725,Mary Miller,09865179645,Taunggyi,2023-05-18
726,Rebecca Marquez,09188506190,Mawlamyine,2024-06-15
727,Christian Dawson,09189761677,Mawlamyine,2022-02-21
728,Nancy Stewart,09266834924,Taunggyi,2024-04-16
729,Aaron Parker,09996065974,Bago,2021-05-16
730,Derrick Anderson,09569747059,Pathein,2022-05-04
731,Jerry Peters,09192570281,Yangon,2023-07-18
732,Alexander Gomez,09159086532,Bago,2024-09-09
733,Kyle Nguyen,09228250953,,2021-10-09
734,Edgar Hughes,09275913951,Naypyidaw,2023-12-08
735,Steven Stein,09983160026,Mandalay,2023-02-01
736,Laura Jackson,09938725480,Bago,2025-12-21
737,Charles Turner,09131521039,Taunggyi,2022-07-12
738,Arthur Hamilton MD,09382340033,Mawlamyine,2024-07-09
739,Mr. David Wright,09588764892,Yangon,2023-10-21
740,Linda Gonzalez,09279187532,Naypyidaw,2025-05-03
741,Eric Rush,09716233644,Yangon,2022-04-13
742,Manuel Brock,09102757916,,2025-11-03
743,George Ochoa,,,2023-01-16
744,Valerie Taylor,09261152186,Pathein,2021-03-14
745,Travis Harris,09866673993,Taunggyi,2022-04-05
746,Vincent Novak,09546952114,Naypyidaw,2022-07-10
747,Michael Henry,09713682070,Mawlamyine,2024-10-10
748,Dana Bennett,09292569534,Mawlamyine,2021-04-05
749,Jenna Wilson,09174009197,Pathein,2022-08-02
750,Leslie Gardner,09433609196,Mawlamyine,2023-07-25
751,Krista Benton,,Mawlamyine,2025-05-26
752,Michael Gonzales,09768637849,Naypyidaw,2024-04-26
753,Michael Fuentes,09929587172,Bago,2024-01-25
754,Jennifer Porter,09363202977,Taunggyi,2021-02-18
755,Dana Hopkins,09471969615,Bago,2025-12-02
756,Rachel Jones,,Pathein,2024-09-08
757,Karen Morales DDS,09892510222,Yangon,2022-02-25
758,Melissa Stephens,09355730504,Yangon,2021-10-19
759,Heather Woodard,09199886596,,2022-04-20
760,Margaret Miller,09658087211,Naypyidaw,2023-07-28
761,Mary Kelly,09191163279,Mawlamyine,2021-10-01
762,Amanda Terrell,09523431477,,2024-03-08
763,Jennifer Goodwin,09811293744,Mandalay,2022-08-21
764,Jessica Smith,09438238241,Taunggyi,2024-12-06
765,Jorge Stone,09450309958,Naypyidaw,2022-04-24
766,Laura Griffin,09317661025,Pathein,2024-04-12
767,Raymond Chapman,09213449146,Taunggyi,2022-10-06
768,Haley Johnson,09675444604,Pathein,2022-03-02
769,Jason Nixon,09597514616,Yangon,2021-07-05
770,Todd Thomas,09836645781,Bago,2024-11-28
771,Jesse Clark,09330876810,Naypyidaw,2021-10-31
772,Mr. Jeffrey Horton,09366522892,Taunggyi,2023-11-18
773,Eric Patrick,,Pathein,2021-12-23
774,Samuel Wong,,Taunggyi,2024-02-13
775,Carly Riggs,09368277223,Yangon,2025-07-05
776,Christopher Moore,09230409444,,2025-08-28
777,Tina Hall,09338680070,Pathein,2023-04-01
778,Cody Davidson,09776776838,Yangon,2024-04-07
779,Allen Mendez,09972680546,,2021-05-13
780,Kevin Price,09793623149,Mandalay,2021-07-08
781,Christine Goodwin,09990514408,Yangon,2021-03-29
782,Amy Garcia,09154371817,Mawlamyine,2023-06-07
783,Chelsea Nguyen,09524126612,Taunggyi,2024-10-31
784,Dennis Huffman,09480043678,Mandalay,2022-07-18
785,Margaret Harper,09259591761,,2024-06-22
786,Laurie Bailey,09795009888,Taunggyi,2025-12-13
787,Lisa Cervantes,09165475776,Taunggyi,2021-10-09
788,Elizabeth Mendez,09790042893,Mawlamyine,2022-05-26
789,Cesar Wilson,09961321417,Yangon,2023-02-23
790,Clayton Steele,09485593692,Pathein,2023-09-20
791,Jennifer Taylor,09707363258,Taunggyi,2022-07-08
792,Cody Reid,09442392183,Yangon,2025-07-19
793,Maria Cooke,09162911855,Taunggyi,2023-12-21
794,Katherine Taylor,09727053322,Mandalay,2021-07-25
795,Jerry Brown,09358935844,Pathein,2025-06-09
796,Adam Taylor,09160031457,Mandalay,2024-03-25
797,Tracey Wagner,09956191734,Pathein,2025-09-28
798,Michael Perry PhD,09353994846,Pathein,2025-02-20
799,Bradley Johnson DDS,09735185398,,2024-12-05
800,Donald Medina,09709511014,Mawlamyine,2022-01-21
801,Jim Newton,09970161616,Taunggyi,2024-01-16
802,Krista Wilson,09626602103,,2021-04-26
803,Reginald Morrow,09334944315,,2023-09-06
804,Rodney Williams,,Mandalay,2025-07-10
805,Kimberly Fritz,09869805921,Pathein,2025-09-26
806,Ronald Potter,09163947730,,2024-04-16
807,Zachary Cole,09252098390,Pathein,2023-12-14
808,Robert Gonzales,09177880216,Bago,2023-03-22
809,Patricia Young PhD,09461379699,Mandalay,2021-11-19
810,Heather Page,09569083854,Taunggyi,2024-08-22
811,Carol Taylor,09859331874,Bago,2025-12-27
812,Daniel Brown,09945026004,Bago,2024-04-21
813,Douglas Ryan,09506286844,Bago,2022-08-27
814,Michael Roberts,09882576281,,2024-12-08
815,Scott Duke,09520478827,Pathein,2024-03-08
816,Anna Estes,,Pathein,2024-06-06
817,Tamara Riddle,09707254955,Taunggyi,2021-10-16
818,Beth Cline,09183544242,Naypyidaw,2021-12-10
819,Michael Poole,09195268824,Bago,2024-08-01
820,Megan Burns,09460508244,Naypyidaw,2022-03-06
821,Debra Perry,09172794091,Pathein,2021-08-10
822,Mark Beard,09151697938,Bago,2023-05-10
823,Jose Ramirez,09544549689,Taunggyi,2022-12-21
824,Jackie Clements,09208908082,Pathein,2025-11-05
825,Aaron Schroeder,09914157804,Mandalay,2023-07-14
826,Monica Ellis,09135876704,Naypyidaw,2022-06-19
827,Heather Brown,09179672074,Taunggyi,2021-11-26
828,Claudia Jordan,09687386446,Yangon,2022-11-24
829,Derrick Clayton,09758896006,Bago,2021-03-05
830,Kenneth Knight,09801835431,Taunggyi,2021-11-18
831,Mr. Michael Williams,09455510103,Mandalay,2023-04-19
832,Richard Stevens,09875282507,Mawlamyine,2022-06-28
833,Scott Alexander,09419331516,Yangon,2023-03-16
834,Tyler Harris,09627151698,Naypyidaw,2021-01-08
835,Bonnie Santos,09416270056,Bago,2024-05-14
836,Timothy Hill,09204138894,,2021-12-16
837,Danielle Watson,09187978213,Yangon,2022-09-24
838,Carol Sanders,09605672755,Bago,2022-06-27
839,Michael Young,09684250873,Naypyidaw,2025-12-19
840,Michele Smith,09300341906,Naypyidaw,2023-06-20
841,Casey Perez,09342925794,Mawlamyine,2021-05-07
842,Alexandra Dominguez,09847829989,Yangon,2024-09-30
843,Virginia Henderson,09681376445,Pathein,2024-04-22
844,Benjamin Reyes,09165480798,Pathein,2023-12-07
845,Ashley Edwards,09675004218,Taunggyi,2024-03-18
846,Breanna Ayala,09611382735,Taunggyi,2025-10-15
847,Brandi Haney,09639127345,Mawlamyine,2025-06-28
848,Joseph Smith,09766013190,Pathein,2023-07-09
849,Jessica Bowen,09279491823,Pathein,2022-01-30
850,Brittany Jenkins,09554595339,,2024-10-31
851,Shannon Miller,09983221403,Pathein,2024-05-03
852,Paul Lawrence,09880720904,Yangon,2021-06-28
853,Victor Edwards,09526656677,Pathein,2022-07-20
854,Donald Miller,09113275526,Mawlamyine,2024-04-18
855,Lindsay Lawson,09550535448,Mandalay,2021-10-31
856,Melissa Abbott,09725644753,Yangon,2021-08-05
857,Elizabeth Holmes,09208437656,Pathein,2024-01-02
858,Nicole Phillips,09541189818,Bago,2023-09-22
859,Steven Blevins,09607929943,,2022-07-19
860,Brian Porter MD,09763834967,Bago,2023-04-03
861,Vanessa Hatfield,,Naypyidaw,2024-11-15
862,Bonnie Valencia,09900742774,Naypyidaw,2023-02-02
863,Holly Vega,,Naypyidaw,2022-09-29
864,Tiffany Townsend,09627872109,Bago,2021-07-21
865,Austin Baker,09344767409,Bago,2023-06-27
866,Antonio Mccormick,09444529729,Taunggyi,2024-05-23
867,Lori Mason,09301794412,Pathein,2023-04-14
868,Michael Miller,09915499713,Naypyidaw,2025-08-09
869,Lisa Ramirez,09949856342,Naypyidaw,2024-12-24
870,Jorge Harris,09245652883,Mawlamyine,2025-12-06
871,Kimberly Myers,09286549068,Pathein,2022-02-16
872,Sandra Becker,09367888133,,2021-04-14
873,Michael Blair,09856594938,Naypyidaw,2025-08-14
874,Amy Miller,09526213526,Yangon,2024-10-27
875,Jesse Lynch,,Mawlamyine,2023-07-03
876,Patrick Yang,09609578849,Naypyidaw,2022-12-07
877,Michael Miles,09377733976,Bago,2021-07-05
878,Troy Mills,09515071728,,2025-10-15
879,Michelle Jackson,09330122826,Bago,2022-04-07
880,Richard Adams,09388926290,Mawlamyine,2021-02-11
881,Patricia Johnson,09924174943,Taunggyi,2021-09-28
882,Denise Brown,09745471251,Mandalay,2022-06-01
883,Laura Jones,09427984850,Bago,2024-08-09
884,Ian Porter,09504237434,Taunggyi,2022-06-01
885,Holly Scott,09424425818,Pathein,2024-07-01
886,Kenneth Sharp,09209856785,,2024-09-18
887,Jordan Williams,09501826151,Mawlamyine,2024-06-01
888,Dana Ruiz,09834883010,Yangon,2022-11-20
889,Chris Velazquez,09787833374,Naypyidaw,2022-06-19
890,Kristen Sloan,09799506796,Mandalay,2023-11-26
891,Jennifer Morris,09160961339,Pathein,2025-07-17
892,Nathan Nelson,09809239039,Mandalay,2025-01-17
893,Jake Shaw,,Naypyidaw,2022-06-16
894,Cassie Brock,09534434754,Yangon,2024-04-09
895,Dr. Andrea Marshall,09714225883,Naypyidaw,2025-01-27
896,Ryan Murphy,09836928463,Pathein,2023-09-02
897,Aimee Gonzalez,09821413281,Naypyidaw,2025-09-28
898,Elizabeth Dean,09806108387,Mandalay,2022-08-25
899,Kevin Snyder,09237378973,Bago,2025-07-14
900,Christie Mccullough,09296568144,Naypyidaw,2024-09-02
901,Danielle Smith,09481482646,Pathein,2022-09-21
902,David Reed,09455749066,Mawlamyine,2022-08-26
903,Sherry Tapia,09226466892,Pathein,2024-07-23
904,Matthew Sweeney,09766422911,,2025-12-27
905,Ashley Moreno,09228651382,Taunggyi,2023-12-22
906,Johnathan Brown,09158048598,Mandalay,2021-10-09
907,Michelle Davis DVM,09467938988,Mawlamyine,2023-07-27
908,Kelly Haynes,09868443155,Yangon,2023-09-26
909,William Miller,09289863614,Yangon,2021-01-10
910,Casey Wilkins,09324822604,Mandalay,2024-03-26
911,Keith Graham,09625679392,Pathein,2021-06-30
912,Cynthia Green,09565694083,Taunggyi,2023-05-29
913,Robert Haynes,09511582876,,2023-12-30
914,Emily Nelson,09500614581,Naypyidaw,2025-03-31
915,Dale Chan,09304630191,,2021-01-09
916,Brittney Martin,09367171793,Naypyidaw,2022-10-02
917,Jason Herrera,09511834185,Naypyidaw,2021-12-09
918,Christine Parker,09149089708,Naypyidaw,2023-07-23
919,Bryan Moore,09740347321,Taunggyi,2025-12-24
920,Samantha Terry,09243655310,Taunggyi,2023-01-06
921,Russell Murphy,09277042316,Pathein,2023-04-07
922,David Kelly,,Mandalay,2022-03-09
923,Megan Green,09733177858,Yangon,2023-01-21
924,Amanda Sullivan MD,09950540063,,2025-12-01
925,Danielle Murray,09928123020,Yangon,2024-05-01
926,Brenda Smith,09810784787,Pathein,2021-02-10
927,Vickie Anderson,,Taunggyi,2023-02-18
928,Jacqueline Mccoy,09371375678,Mandalay,2022-02-25
929,Lauren Green,09776791654,,2023-05-12
930,Alison Brown,09811335671,Mawlamyine,2024-05-25
931,Jill Anderson,09549710722,Yangon,2023-11-14
932,Sandra Rivera,09226416530,Pathein,2021-08-06
933,Joel Jackson,09753910715,Naypyidaw,2025-08-30
934,Samantha Foster,09316544937,Taunggyi,2022-08-28
935,Michael Thompson,09688559516,Mandalay,2024-11-10
936,Cody Ramirez,09454982932,Yangon,2024-10-07
937,Amanda Harvey,09218574293,Bago,2023-10-09
938,Edward Jenkins,09196725534,Yangon,2025-01-21
939,Amy Ramirez,09374762050,Taunggyi,2022-08-30
940,Curtis Wilkerson,09153773200,Mandalay,2025-11-26
941,Lydia Pham,,Pathein,2024-10-18
942,Virginia Casey,09893001503,Pathein,2025-04-02
943,Joshua Washington,09110385578,Bago,2024-08-18
944,Kathryn Price,09483892122,Mawlamyine,2022-07-04
945,Francis Robinson,09199805719,Naypyidaw,2022-01-10
946,Paula Brown,09529765405,Naypyidaw,2025-09-08
947,Kendra Wang DVM,09613511668,Bago,2025-12-20
948,Ariel Sandoval,09221393557,Bago,2021-05-01
949,Robert Stark,09271149511,Mawlamyine,2023-09-16
950,Zachary Robinson,09828419083,Mawlamyine,2023-02-17
951,Rebecca Kelly,09756441105,,2024-11-02
952,Sarah Thompson,09880909484,Mandalay,2023-09-17
953,Renee Wolfe,09221265692,Taunggyi,2021-04-05
954,Alyssa Haynes,09803272515,Bago,2025-11-14
955,Kristy Hart,09924127682,Bago,2024-03-03
956,William Keith,09819239897,Mawlamyine,2023-12-08
957,Eric Henry Jr.,09763829091,Bago,2025-01-28
958,Daniel Fox,09471245687,Bago,2023-02-28
959,Thomas Harris,09987380851,Mawlamyine,2021-04-22
960,Mitchell Sellers,,Mawlamyine,2025-10-05
961,Erica Johnson,09632398698,Yangon,2025-03-19
962,Sylvia Schroeder,09358655621,Naypyidaw,2021-04-14
963,Shannon Yu,09691090113,Taunggyi,2025-08-01
964,Tom Foster,09592949064,Mawlamyine,2023-07-07
965,Eric Taylor,09635213213,Yangon,2023-10-16
966,Travis Conner,09119079456,Taunggyi,2021-03-15
967,Marie Thompson,09100182231,Pathein,2024-05-22
968,Melissa Mcfarland,09784551346,Mawlamyine,2024-02-26
969,Courtney Chapman,09820990117,Naypyidaw,2023-01-15
970,Eric Barker,09976805431,Taunggyi,2022-11-11
971,Nicholas Rush,09765460052,Bago,2024-09-07
972,Jenna Gamble,09585903027,Pathein,2024-09-11
973,Amanda Guzman,09466529415,Bago,2025-06-27
974,Tracy Walker,09660477218,Yangon,2021-04-04
975,Taylor Taylor,09628734252,Bago,2025-03-01
976,Cynthia Haas,09214849044,Mandalay,2022-01-20
977,Stephen Davis,09521869399,Pathein,2025-05-20
978,Margaret Tanner,09462853390,Taunggyi,2021-04-06
979,Derek Wright,09999222522,Yangon,2025-05-01
980,David Rodriguez,09591116494,Mawlamyine,2021-10-03
981,James Oconnor,09104657489,Yangon,2024-02-08
982,Stacey Snyder,09728268579,Mawlamyine,2025-05-19
983,Joshua Garcia,09290269669,Mandalay,2025-02-05
984,Sean Curtis,09211190223,Mawlamyine,2024-05-26
985,Carla Jones,09641284117,Taunggyi,2024-06-01
986,Elizabeth Flores,09918593554,Taunggyi,2022-12-04
987,Angela Jackson,09586239368,Mandalay,2023-04-26
988,Nicholas Payne,09903617229,Pathein,2024-12-07
989,Anna Wheeler,09437059145,Mawlamyine,2024-07-19
990,Karen Johnson,09325177291,Naypyidaw,2024-11-07
991,Carmen Preston,09821955780,Bago,2024-08-24
992,Brian Harris,09290924932,Bago,2024-07-28
993,Michael Bowen,09223915446,Mawlamyine,2023-09-11
994,Deborah Campbell,09816354624,Bago,2025-03-12
995,Anthony Armstrong,09673273772,Pathein,2023-05-16
996,Brittany Ward,09661277051,Taunggyi,2021-10-25
997,Edward Stanley,09160778918,Pathein,2025-05-28
998,Christina Johnson,09407751103,Mandalay,2025-09-16
999,Edgar Miller,09942197348,Pathein,2024-01-14
1000,Elizabeth Sanders,,Yangon,2024-06-15
