price_date,gold_type_id,price_per_gram
2024-01-01,1,179600.0
2024-01-01,2,164500.0
2024-01-01,3,134700.0
2024-01-01,4,105100.0
2024-01-02,1,179700.0
2024-01-02,2,164600.0
2024-01-02,3,134800.0
2024-01-02,4,105100.0
2024-01-03,1,180500.0
2024-01-03,2,165400.0
2024-01-03,3,135400.0
2024-01-03,4,105600.0
2024-01-04,1,180100.0
2024-01-04,2,164900.0
2024-01-04,3,135100.0
2024-01-04,4,105300.0
2024-01-05,1,180900.0
2024-01-05,2,165700.0
2024-01-05,3,135700.0
2024-01-05,4,105800.0
2024-01-06,1,181100.0
2024-01-06,2,165800.0
2024-01-06,3,135800.0
2024-01-06,4,105900.0
2024-01-07,1,180300.0
2024-01-07,2,165200.0
2024-01-07,3,135300.0
2024-01-07,4,105500.0
2024-01-08,1,179700.0
2024-01-08,2,164600.0
2024-01-08,3,134800.0
2024-01-08,4,105100.0
2024-01-09,1,180100.0
2024-01-09,2,165000.0
2024-01-09,3,135100.0
2024-01-09,4,105400.0
2024-01-10,1,180600.0
2024-01-10,2,165400.0
2024-01-10,3,135500.0
2024-01-10,4,105700.0
2024-01-11,1,181300.0
2024-01-11,2,166100.0
2024-01-11,3,136000.0
2024-01-11,4,106100.0
2024-01-12,1,181300.0
2024-01-12,2,166000.0
2024-01-12,3,136000.0
2024-01-12,4,106000.0
2024-01-13,1,180700.0
2024-01-13,2,165500.0
2024-01-13,3,135500.0
2024-01-13,4,105700.0
2024-01-14,1,180900.0
2024-01-14,2,165700.0
2024-01-14,3,135700.0
2024-01-14,4,105800.0
2024-01-15,1,181300.0
2024-01-15,2,166100.0
2024-01-15,3,136000.0
2024-01-15,4,106100.0
2024-01-16,1,182200.0
2024-01-16,2,166900.0
2024-01-16,3,136600.0
2024-01-16,4,106600.0
2024-01-17,1,182700.0
2024-01-17,2,167400.0
2024-01-17,3,137000.0
2024-01-17,4,106900.0
2024-01-18,1,183000.0
2024-01-18,2,167700.0
2024-01-18,3,137300.0
2024-01-18,4,107100.0
2024-01-19,1,183800.0
2024-01-19,2,168400.0
2024-01-19,3,137900.0
2024-01-19,4,107600.0
2024-01-20,1,184300.0
2024-01-20,2,168900.0
2024-01-20,3,138300.0
2024-01-20,4,107800.0
2024-01-21,1,183900.0
2024-01-21,2,168400.0
2024-01-21,3,137900.0
2024-01-21,4,107600.0
2024-01-22,1,183900.0
2024-01-22,2,168400.0
2024-01-22,3,137900.0
2024-01-22,4,107600.0
2024-01-23,1,183700.0
2024-01-23,2,168300.0
2024-01-23,3,137800.0
2024-01-23,4,107500.0
2024-01-24,1,183100.0
2024-01-24,2,167700.0
2024-01-24,3,137300.0
2024-01-24,4,107100.0
2024-01-25,1,182500.0
2024-01-25,2,167100.0
2024-01-25,3,136900.0
2024-01-25,4,106700.0
2024-01-26,1,183000.0
2024-01-26,2,167700.0
2024-01-26,3,137300.0
2024-01-26,4,107100.0
2024-01-27,1,183200.0
2024-01-27,2,167800.0
2024-01-27,3,137400.0
2024-01-27,4,107200.0
2024-01-28,1,183400.0
2024-01-28,2,168000.0
2024-01-28,3,137600.0
2024-01-28,4,107300.0
2024-01-29,1,183100.0
2024-01-29,2,167700.0
2024-01-29,3,137300.0
2024-01-29,4,107100.0
2024-01-30,1,182800.0
2024-01-30,2,167400.0
2024-01-30,3,137100.0
2024-01-30,4,106900.0
2024-01-31,1,182700.0
2024-01-31,2,167300.0
2024-01-31,3,137000.0
2024-01-31,4,106900.0
2024-02-01,1,183000.0
2024-02-01,2,167600.0
2024-02-01,3,137200.0
2024-02-01,4,107100.0
2024-02-02,1,183000.0
2024-02-02,2,167600.0
2024-02-02,3,137200.0
2024-02-02,4,107000.0
2024-02-03,1,182300.0
2024-02-03,2,167000.0
2024-02-03,3,136700.0
2024-02-03,4,106600.0
2024-02-04,1,182600.0
2024-02-04,2,167300.0
2024-02-04,3,137000.0
2024-02-04,4,106800.0
2024-02-05,1,182800.0
2024-02-05,2,167400.0
2024-02-05,3,137100.0
2024-02-05,4,106900.0
2024-02-06,1,183100.0
2024-02-06,2,167700.0
2024-02-06,3,137300.0
2024-02-06,4,107100.0
2024-02-07,1,183400.0
2024-02-07,2,168000.0
2024-02-07,3,137600.0
2024-02-07,4,107300.0
2024-02-08,1,183900.0
2024-02-08,2,168500.0
2024-02-08,3,137900.0
2024-02-08,4,107600.0
2024-02-09,1,184200.0
2024-02-09,2,168700.0
2024-02-09,3,138100.0
2024-02-09,4,107700.0
2024-02-10,1,184600.0
2024-02-10,2,169100.0
2024-02-10,3,138400.0
2024-02-10,4,108000.0
2024-02-11,1,184000.0
2024-02-11,2,168500.0
2024-02-11,3,138000.0
2024-02-11,4,107600.0
2024-02-12,1,184800.0
2024-02-12,2,169200.0
2024-02-12,3,138600.0
2024-02-12,4,108100.0
2024-02-13,1,184200.0
2024-02-13,2,168700.0
2024-02-13,3,138200.0
2024-02-13,4,107800.0
2024-02-14,1,184800.0
2024-02-14,2,169200.0
2024-02-14,3,138600.0
2024-02-14,4,108100.0
2024-02-15,1,184500.0
2024-02-15,2,169000.0
2024-02-15,3,138400.0
2024-02-15,4,108000.0
2024-02-16,1,183900.0
2024-02-16,2,168500.0
2024-02-16,3,138000.0
2024-02-16,4,107600.0
2024-02-17,1,184500.0
2024-02-17,2,169000.0
2024-02-17,3,138400.0
2024-02-17,4,107900.0
2024-02-18,1,184500.0
2024-02-18,2,169000.0
2024-02-18,3,138300.0
2024-02-18,4,107900.0
2024-02-19,1,184400.0
2024-02-19,2,168900.0
2024-02-19,3,138300.0
2024-02-19,4,107900.0
2024-02-20,1,184700.0
2024-02-20,2,169200.0
2024-02-20,3,138500.0
2024-02-20,4,108100.0
2024-02-21,1,184800.0
2024-02-21,2,169300.0
2024-02-21,3,138600.0
2024-02-21,4,108100.0
2024-02-22,1,184900.0
2024-02-22,2,169400.0
2024-02-22,3,138700.0
2024-02-22,4,108200.0
2024-02-23,1,184400.0
2024-02-23,2,168900.0
2024-02-23,3,138300.0
2024-02-23,4,107900.0
2024-02-24,1,184300.0
2024-02-24,2,168800.0
2024-02-24,3,138200.0
2024-02-24,4,107800.0
2024-02-25,1,184900.0
2024-02-25,2,169400.0
2024-02-25,3,138700.0
2024-02-25,4,108200.0
2024-02-26,1,185100.0
2024-02-26,2,169500.0
2024-02-26,3,138800.0
2024-02-26,4,108300.0
2024-02-27,1,185900.0
2024-02-27,2,170300.0
2024-02-27,3,139500.0
2024-02-27,4,108800.0
2024-02-28,1,185400.0
2024-02-28,2,169900.0
2024-02-28,3,139100.0
2024-02-28,4,108500.0
2024-02-29,1,185800.0
2024-02-29,2,170200.0
2024-02-29,3,139400.0
2024-02-29,4,108700.0
2024-03-01,1,186600.0
2024-03-01,2,170900.0
2024-03-01,3,140000.0
2024-03-01,4,109200.0
2024-03-02,1,187200.0
2024-03-02,2,171500.0
2024-03-02,3,140400.0
2024-03-02,4,109500.0
2024-03-03,1,187700.0
2024-03-03,2,171900.0
2024-03-03,3,140800.0
2024-03-03,4,109800.0
2024-03-04,1,187600.0
2024-03-04,2,171800.0
2024-03-04,3,140700.0
2024-03-04,4,109700.0
2024-03-05,1,188400.0
2024-03-05,2,172600.0
2024-03-05,3,141300.0
2024-03-05,4,110200.0
2024-03-06,1,188600.0
2024-03-06,2,172800.0
2024-03-06,3,141400.0
2024-03-06,4,110300.0
2024-03-07,1,188800.0
2024-03-07,2,172900.0
2024-03-07,3,141600.0
2024-03-07,4,110400.0
2024-03-08,1,188200.0
2024-03-08,2,172400.0
2024-03-08,3,141200.0
2024-03-08,4,110100.0
2024-03-09,1,187500.0
2024-03-09,2,171700.0
2024-03-09,3,140600.0
2024-03-09,4,109700.0
2024-03-10,1,187800.0
2024-03-10,2,172000.0
2024-03-10,3,140800.0
2024-03-10,4,109800.0
2024-03-11,1,187900.0
2024-03-11,2,172100.0
2024-03-11,3,140900.0
2024-03-11,4,109900.0
2024-03-12,1,188800.0
2024-03-12,2,172900.0
2024-03-12,3,141600.0
2024-03-12,4,110400.0
2024-03-13,1,188500.0
2024-03-13,2,172700.0
2024-03-13,3,141400.0
2024-03-13,4,110300.0
2024-03-14,1,189000.0
2024-03-14,2,173200.0
2024-03-14,3,141800.0
2024-03-14,4,110600.0
2024-03-15,1,189800.0
2024-03-15,2,173900.0
2024-03-15,3,142400.0
2024-03-15,4,111000.0
2024-03-16,1,189600.0
2024-03-16,2,173700.0
2024-03-16,3,142200.0
2024-03-16,4,110900.0
2024-03-17,1,189600.0
2024-03-17,2,173700.0
2024-03-17,3,142200.0
2024-03-17,4,110900.0
2024-03-18,1,189900.0
2024-03-18,2,174000.0
2024-03-18,3,142500.0
2024-03-18,4,111100.0
2024-03-19,1,190100.0
2024-03-19,2,174100.0
2024-03-19,3,142500.0
2024-03-19,4,111200.0
2024-03-20,1,189600.0
2024-03-20,2,173600.0
2024-03-20,3,142200.0
2024-03-20,4,110900.0
2024-03-21,1,189200.0
2024-03-21,2,173300.0
2024-03-21,3,141900.0
2024-03-21,4,110700.0
2024-03-22,1,189900.0
2024-03-22,2,173900.0
2024-03-22,3,142400.0
2024-03-22,4,111100.0
2024-03-23,1,189400.0
2024-03-23,2,173500.0
2024-03-23,3,142100.0
2024-03-23,4,110800.0
2024-03-24,1,189000.0
2024-03-24,2,173100.0
2024-03-24,3,141700.0
2024-03-24,4,110600.0
2024-03-25,1,189600.0
2024-03-25,2,173700.0
2024-03-25,3,142200.0
2024-03-25,4,110900.0
2024-03-26,1,190300.0
2024-03-26,2,174300.0
2024-03-26,3,142700.0
2024-03-26,4,111300.0
2024-03-27,1,191000.0
2024-03-27,2,174900.0
2024-03-27,3,143200.0
2024-03-27,4,111700.0
2024-03-28,1,191800.0
2024-03-28,2,175700.0
2024-03-28,3,143900.0
2024-03-28,4,112200.0
2024-03-29,1,192800.0
2024-03-29,2,176600.0
2024-03-29,3,144600.0
2024-03-29,4,112800.0
2024-03-30,1,192800.0
2024-03-30,2,176600.0
2024-03-30,3,144600.0
2024-03-30,4,112800.0
2024-03-31,1,193000.0
2024-03-31,2,176800.0
2024-03-31,3,144700.0
2024-03-31,4,112900.0
2024-04-01,1,192700.0
2024-04-01,2,176500.0
2024-04-01,3,144500.0
2024-04-01,4,112700.0
2024-04-02,1,192100.0
2024-04-02,2,175900.0
2024-04-02,3,144000.0
2024-04-02,4,112300.0
2024-04-03,1,191500.0
2024-04-03,2,175400.0
2024-04-03,3,143600.0
2024-04-03,4,112000.0
2024-04-04,1,191900.0
2024-04-04,2,175800.0
2024-04-04,3,144000.0
2024-04-04,4,112300.0
2024-04-05,1,192000.0
2024-04-05,2,175900.0
2024-04-05,3,144000.0
2024-04-05,4,112300.0
2024-04-06,1,191800.0
2024-04-06,2,175700.0
2024-04-06,3,143900.0
2024-04-06,4,112200.0
2024-04-07,1,191300.0
2024-04-07,2,175200.0
2024-04-07,3,143500.0
2024-04-07,4,111900.0
2024-04-08,1,191600.0
2024-04-08,2,175500.0
2024-04-08,3,143700.0
2024-04-08,4,112100.0
2024-04-09,1,191000.0
2024-04-09,2,175000.0
2024-04-09,3,143300.0
2024-04-09,4,111800.0
2024-04-10,1,191300.0
2024-04-10,2,175300.0
2024-04-10,3,143500.0
2024-04-10,4,111900.0
2024-04-11,1,192100.0
2024-04-11,2,176000.0
2024-04-11,3,144100.0
2024-04-11,4,112400.0
2024-04-12,1,191900.0
2024-04-12,2,175800.0
2024-04-12,3,143900.0
2024-04-12,4,112300.0
2024-04-13,1,191900.0
2024-04-13,2,175800.0
2024-04-13,3,143900.0
2024-04-13,4,112300.0
2024-04-14,1,192200.0
2024-04-14,2,176100.0
2024-04-14,3,144200.0
2024-04-14,4,112400.0
2024-04-15,1,192000.0
2024-04-15,2,175800.0
2024-04-15,3,144000.0
2024-04-15,4,112300.0
2024-04-16,1,192200.0
2024-04-16,2,176100.0
2024-04-16,3,144200.0
2024-04-16,4,112400.0
2024-04-17,1,192400.0
2024-04-17,2,176300.0
2024-04-17,3,144300.0
2024-04-17,4,112600.0
2024-04-18,1,192300.0
2024-04-18,2,176100.0
2024-04-18,3,144200.0
2024-04-18,4,112500.0
2024-04-19,1,192100.0
2024-04-19,2,175900.0
2024-04-19,3,144000.0
2024-04-19,4,112400.0
2024-04-20,1,192000.0
2024-04-20,2,175900.0
2024-04-20,3,144000.0
2024-04-20,4,112300.0
2024-04-21,1,191300.0
2024-04-21,2,175200.0
2024-04-21,3,143500.0
2024-04-21,4,111900.0
2024-04-22,1,190900.0
2024-04-22,2,174900.0
2024-04-22,3,143200.0
2024-04-22,4,111700.0
2024-04-23,1,190600.0
2024-04-23,2,174500.0
2024-04-23,3,142900.0
2024-04-23,4,111500.0
2024-04-24,1,191100.0
2024-04-24,2,175000.0
2024-04-24,3,143300.0
2024-04-24,4,111800.0
2024-04-25,1,191000.0
2024-04-25,2,175000.0
2024-04-25,3,143300.0
2024-04-25,4,111800.0
2024-04-26,1,191700.0
2024-04-26,2,175600.0
2024-04-26,3,143800.0
2024-04-26,4,112200.0
2024-04-27,1,191200.0
2024-04-27,2,175100.0
2024-04-27,3,143400.0
2024-04-27,4,111800.0
2024-04-28,1,191700.0
2024-04-28,2,175600.0
2024-04-28,3,143800.0
2024-04-28,4,112100.0
2024-04-29,1,192400.0
2024-04-29,2,176300.0
2024-04-29,3,144300.0
2024-04-29,4,112600.0
2024-04-30,1,192500.0
2024-04-30,2,176300.0
2024-04-30,3,144300.0
2024-04-30,4,112600.0
2024-05-01,1,192300.0
2024-05-01,2,176200.0
2024-05-01,3,144200.0
2024-05-01,4,112500.0
2024-05-02,1,192100.0
2024-05-02,2,175900.0
2024-05-02,3,144100.0
2024-05-02,4,112400.0
2024-05-03,1,192300.0
2024-05-03,2,176100.0
2024-05-03,3,144200.0
2024-05-03,4,112500.0
2024-05-04,1,191800.0
2024-05-04,2,175700.0
2024-05-04,3,143800.0
2024-05-04,4,112200.0
2024-05-05,1,192100.0
2024-05-05,2,175900.0
2024-05-05,3,144100.0
2024-05-05,4,112400.0
2024-05-06,1,192800.0
2024-05-06,2,176600.0
2024-05-06,3,144600.0
2024-05-06,4,112800.0
2024-05-07,1,193500.0
2024-05-07,2,177200.0
2024-05-07,3,145100.0
2024-05-07,4,113200.0
2024-05-08,1,193000.0
2024-05-08,2,176700.0
2024-05-08,3,144700.0
2024-05-08,4,112900.0
2024-05-09,1,193100.0
2024-05-09,2,176900.0
2024-05-09,3,144800.0
2024-05-09,4,113000.0
2024-05-10,1,192800.0
2024-05-10,2,176600.0
2024-05-10,3,144600.0
2024-05-10,4,112800.0
2024-05-11,1,193600.0
2024-05-11,2,177300.0
2024-05-11,3,145200.0
2024-05-11,4,113200.0
2024-05-12,1,192900.0
2024-05-12,2,176700.0
2024-05-12,3,144700.0
2024-05-12,4,112900.0
2024-05-13,1,192300.0
2024-05-13,2,176100.0
2024-05-13,3,144200.0
2024-05-13,4,112500.0
2024-05-14,1,191500.0
2024-05-14,2,175500.0
2024-05-14,3,143700.0
2024-05-14,4,112100.0
2024-05-15,1,191700.0
2024-05-15,2,175600.0
2024-05-15,3,143700.0
2024-05-15,4,112100.0
2024-05-16,1,190900.0
2024-05-16,2,174900.0
2024-05-16,3,143200.0
2024-05-16,4,111700.0
2024-05-17,1,191200.0
2024-05-17,2,175100.0
2024-05-17,3,143400.0
2024-05-17,4,111800.0
2024-05-18,1,191100.0
2024-05-18,2,175100.0
2024-05-18,3,143300.0
2024-05-18,4,111800.0
2024-05-19,1,191400.0
2024-05-19,2,175300.0
2024-05-19,3,143500.0
2024-05-19,4,111900.0
2024-05-20,1,192200.0
2024-05-20,2,176000.0
2024-05-20,3,144100.0
2024-05-20,4,112400.0
2024-05-21,1,192300.0
2024-05-21,2,176200.0
2024-05-21,3,144300.0
2024-05-21,4,112500.0
2024-05-22,1,192500.0
2024-05-22,2,176300.0
2024-05-22,3,144400.0
2024-05-22,4,112600.0
2024-05-23,1,193500.0
2024-05-23,2,177200.0
2024-05-23,3,145100.0
2024-05-23,4,113200.0
2024-05-24,1,193500.0
2024-05-24,2,177300.0
2024-05-24,3,145100.0
2024-05-24,4,113200.0
2024-05-25,1,194100.0
2024-05-25,2,177800.0
2024-05-25,3,145600.0
2024-05-25,4,113500.0
2024-05-26,1,194000.0
2024-05-26,2,177700.0
2024-05-26,3,145500.0
2024-05-26,4,113500.0
2024-05-27,1,193600.0
2024-05-27,2,177300.0
2024-05-27,3,145200.0
2024-05-27,4,113200.0
2024-05-28,1,194100.0
2024-05-28,2,177800.0
2024-05-28,3,145600.0
2024-05-28,4,113600.0
2024-05-29,1,194700.0
2024-05-29,2,178300.0
2024-05-29,3,146000.0
2024-05-29,4,113900.0
2024-05-30,1,194400.0
2024-05-30,2,178100.0
2024-05-30,3,145800.0
2024-05-30,4,113700.0
2024-05-31,1,194400.0
2024-05-31,2,178100.0
2024-05-31,3,145800.0
2024-05-31,4,113700.0
2024-06-01,1,194500.0
2024-06-01,2,178200.0
2024-06-01,3,145900.0
2024-06-01,4,113800.0
2024-06-02,1,194400.0
2024-06-02,2,178100.0
2024-06-02,3,145800.0
2024-06-02,4,113800.0
2024-06-03,1,194600.0
2024-06-03,2,178200.0
2024-06-03,3,145900.0
2024-06-03,4,113800.0
2024-06-04,1,194900.0
2024-06-04,2,178600.0
2024-06-04,3,146200.0
2024-06-04,4,114000.0
2024-06-05,1,195600.0
2024-06-05,2,179200.0
2024-06-05,3,146700.0
2024-06-05,4,114400.0
2024-06-06,1,196300.0
2024-06-06,2,179800.0
2024-06-06,3,147200.0
2024-06-06,4,114800.0
2024-06-07,1,196600.0
2024-06-07,2,180100.0
2024-06-07,3,147400.0
2024-06-07,4,115000.0
2024-06-08,1,196100.0
2024-06-08,2,179600.0
2024-06-08,3,147100.0
2024-06-08,4,114700.0
2024-06-09,1,196200.0
2024-06-09,2,179700.0
2024-06-09,3,147200.0
2024-06-09,4,114800.0
2024-06-10,1,196200.0
2024-06-10,2,179700.0
2024-06-10,3,147200.0
2024-06-10,4,114800.0
2024-06-11,1,195700.0
2024-06-11,2,179300.0
2024-06-11,3,146800.0
2024-06-11,4,114500.0
2024-06-12,1,196600.0
2024-06-12,2,180100.0
2024-06-12,3,147500.0
2024-06-12,4,115000.0
2024-06-13,1,197000.0
2024-06-13,2,180500.0
2024-06-13,3,147800.0
2024-06-13,4,115300.0
2024-06-14,1,197900.0
2024-06-14,2,181300.0
2024-06-14,3,148500.0
2024-06-14,4,115800.0
2024-06-15,1,198500.0
2024-06-15,2,181800.0
2024-06-15,3,148800.0
2024-06-15,4,116100.0
2024-06-16,1,198500.0
2024-06-16,2,181900.0
2024-06-16,3,148900.0
2024-06-16,4,116100.0
2024-06-17,1,198400.0
2024-06-17,2,181700.0
2024-06-17,3,148800.0
2024-06-17,4,116000.0
2024-06-18,1,198000.0
2024-06-18,2,181300.0
2024-06-18,3,148500.0
2024-06-18,4,115800.0
2024-06-19,1,198000.0
2024-06-19,2,181400.0
2024-06-19,3,148500.0
2024-06-19,4,115900.0
2024-06-20,1,197400.0
2024-06-20,2,180800.0
2024-06-20,3,148000.0
2024-06-20,4,115500.0
2024-06-21,1,197200.0
2024-06-21,2,180700.0
2024-06-21,3,147900.0
2024-06-21,4,115400.0
2024-06-22,1,196500.0
2024-06-22,2,180000.0
2024-06-22,3,147400.0
2024-06-22,4,115000.0
2024-06-23,1,196100.0
2024-06-23,2,179600.0
2024-06-23,3,147100.0
2024-06-23,4,114700.0
2024-06-24,1,196900.0
2024-06-24,2,180400.0
2024-06-24,3,147700.0
2024-06-24,4,115200.0
2024-06-25,1,196800.0
2024-06-25,2,180200.0
2024-06-25,3,147600.0
2024-06-25,4,115100.0
2024-06-26,1,196800.0
2024-06-26,2,180300.0
2024-06-26,3,147600.0
2024-06-26,4,115100.0
2024-06-27,1,196800.0
2024-06-27,2,180300.0
2024-06-27,3,147600.0
2024-06-27,4,115100.0
2024-06-28,1,196100.0
2024-06-28,2,179700.0
2024-06-28,3,147100.0
2024-06-28,4,114700.0
2024-06-29,1,197100.0
2024-06-29,2,180500.0
2024-06-29,3,147800.0
2024-06-29,4,115300.0
2024-06-30,1,196900.0
2024-06-30,2,180300.0
2024-06-30,3,147600.0
2024-06-30,4,115200.0
2024-07-01,1,197300.0
2024-07-01,2,180700.0
2024-07-01,3,148000.0
2024-07-01,4,115400.0
2024-07-02,1,197500.0
2024-07-02,2,180900.0
2024-07-02,3,148100.0
2024-07-02,4,115500.0
2024-07-03,1,198100.0
2024-07-03,2,181500.0
2024-07-03,3,148600.0
2024-07-03,4,115900.0
2024-07-04,1,198800.0
2024-07-04,2,182100.0
2024-07-04,3,149100.0
2024-07-04,4,116300.0
2024-07-05,1,198500.0
2024-07-05,2,181800.0
2024-07-05,3,148900.0
2024-07-05,4,116100.0
2024-07-06,1,198700.0
2024-07-06,2,182000.0
2024-07-06,3,149000.0
2024-07-06,4,116200.0
2024-07-07,1,198200.0
2024-07-07,2,181600.0
2024-07-07,3,148700.0
2024-07-07,4,116000.0
2024-07-08,1,198600.0
2024-07-08,2,181900.0
2024-07-08,3,148900.0
2024-07-08,4,116200.0
2024-07-09,1,198400.0
2024-07-09,2,181800.0
2024-07-09,3,148800.0
2024-07-09,4,116100.0
2024-07-10,1,198800.0
2024-07-10,2,182100.0
2024-07-10,3,149100.0
2024-07-10,4,116300.0
2024-07-11,1,199500.0
2024-07-11,2,182800.0
2024-07-11,3,149600.0
2024-07-11,4,116700.0
2024-07-12,1,199600.0
2024-07-12,2,182900.0
2024-07-12,3,149700.0
2024-07-12,4,116800.0
2024-07-13,1,199500.0
2024-07-13,2,182800.0
2024-07-13,3,149600.0
2024-07-13,4,116700.0
2024-07-14,1,200400.0
2024-07-14,2,183500.0
2024-07-14,3,150300.0
2024-07-14,4,117200.0
2024-07-15,1,200500.0
2024-07-15,2,183600.0
2024-07-15,3,150400.0
2024-07-15,4,117300.0
2024-07-16,1,200300.0
2024-07-16,2,183500.0
2024-07-16,3,150200.0
2024-07-16,4,117200.0
2024-07-17,1,201100.0
2024-07-17,2,184200.0
2024-07-17,3,150800.0
2024-07-17,4,117600.0
2024-07-18,1,201200.0
2024-07-18,2,184300.0
2024-07-18,3,150900.0
2024-07-18,4,117700.0
2024-07-19,1,201200.0
2024-07-19,2,184300.0
2024-07-19,3,150900.0
2024-07-19,4,117700.0
2024-07-20,1,201500.0
2024-07-20,2,184600.0
2024-07-20,3,151100.0
2024-07-20,4,117900.0
2024-07-21,1,201600.0
2024-07-21,2,184700.0
2024-07-21,3,151200.0
2024-07-21,4,117900.0
2024-07-22,1,201100.0
2024-07-22,2,184200.0
2024-07-22,3,150800.0
2024-07-22,4,117600.0
2024-07-23,1,200600.0
2024-07-23,2,183700.0
2024-07-23,3,150400.0
2024-07-23,4,117300.0
2024-07-24,1,199900.0
2024-07-24,2,183100.0
2024-07-24,3,149900.0
2024-07-24,4,116900.0
2024-07-25,1,200300.0
2024-07-25,2,183400.0
2024-07-25,3,150200.0
2024-07-25,4,117100.0
2024-07-26,1,199800.0
2024-07-26,2,183000.0
2024-07-26,3,149900.0
2024-07-26,4,116900.0
2024-07-27,1,199400.0
2024-07-27,2,182600.0
2024-07-27,3,149500.0
2024-07-27,4,116600.0
2024-07-28,1,199200.0
2024-07-28,2,182500.0
2024-07-28,3,149400.0
2024-07-28,4,116500.0
2024-07-29,1,199700.0
2024-07-29,2,182900.0
2024-07-29,3,149800.0
2024-07-29,4,116800.0
2024-07-30,1,199100.0
2024-07-30,2,182400.0
2024-07-30,3,149300.0
2024-07-30,4,116500.0
2024-07-31,1,198700.0
2024-07-31,2,182100.0
2024-07-31,3,149100.0
2024-07-31,4,116300.0
2024-08-01,1,199400.0
2024-08-01,2,182700.0
2024-08-01,3,149600.0
2024-08-01,4,116600.0
2024-08-02,1,199900.0
2024-08-02,2,183100.0
2024-08-02,3,149900.0
2024-08-02,4,116900.0
2024-08-03,1,200000.0
2024-08-03,2,183200.0
2024-08-03,3,150000.0
2024-08-03,4,117000.0
2024-08-04,1,200000.0
2024-08-04,2,183200.0
2024-08-04,3,150000.0
2024-08-04,4,117000.0
2024-08-05,1,199600.0
2024-08-05,2,182800.0
2024-08-05,3,149700.0
2024-08-05,4,116800.0
2024-08-06,1,199100.0
2024-08-06,2,182400.0
2024-08-06,3,149300.0
2024-08-06,4,116500.0
2024-08-07,1,199800.0
2024-08-07,2,183000.0
2024-08-07,3,149800.0
2024-08-07,4,116900.0
2024-08-08,1,199000.0
2024-08-08,2,182300.0
2024-08-08,3,149300.0
2024-08-08,4,116400.0
2024-08-09,1,198300.0
2024-08-09,2,181700.0
2024-08-09,3,148700.0
2024-08-09,4,116000.0
2024-08-10,1,198500.0
2024-08-10,2,181900.0
2024-08-10,3,148900.0
2024-08-10,4,116100.0
2024-08-11,1,198000.0
2024-08-11,2,181400.0
2024-08-11,3,148500.0
2024-08-11,4,115900.0
2024-08-12,1,198400.0
2024-08-12,2,181700.0
2024-08-12,3,148800.0
2024-08-12,4,116000.0
2024-08-13,1,197600.0
2024-08-13,2,181000.0
2024-08-13,3,148200.0
2024-08-13,4,115600.0
2024-08-14,1,197900.0
2024-08-14,2,181300.0
2024-08-14,3,148400.0
2024-08-14,4,115800.0
2024-08-15,1,197200.0
2024-08-15,2,180600.0
2024-08-15,3,147900.0
2024-08-15,4,115400.0
2024-08-16,1,196800.0
2024-08-16,2,180300.0
2024-08-16,3,147600.0
2024-08-16,4,115200.0
2024-08-17,1,196400.0
2024-08-17,2,179900.0
2024-08-17,3,147300.0
2024-08-17,4,114900.0
2024-08-18,1,197300.0
2024-08-18,2,180700.0
2024-08-18,3,148000.0
2024-08-18,4,115400.0
2024-08-19,1,197600.0
2024-08-19,2,181000.0
2024-08-19,3,148200.0
2024-08-19,4,115600.0
2024-08-20,1,197800.0
2024-08-20,2,181200.0
2024-08-20,3,148300.0
2024-08-20,4,115700.0
2024-08-21,1,197000.0
2024-08-21,2,180500.0
2024-08-21,3,147800.0
2024-08-21,4,115300.0
2024-08-22,1,197500.0
2024-08-22,2,180900.0
2024-08-22,3,148100.0
2024-08-22,4,115500.0
2024-08-23,1,197900.0
2024-08-23,2,181300.0
2024-08-23,3,148400.0
2024-08-23,4,115800.0
2024-08-24,1,197600.0
2024-08-24,2,181000.0
2024-08-24,3,148200.0
2024-08-24,4,115600.0
2024-08-25,1,197000.0
2024-08-25,2,180400.0
2024-08-25,3,147700.0
2024-08-25,4,115200.0
2024-08-26,1,197000.0
2024-08-26,2,180400.0
2024-08-26,3,147700.0
2024-08-26,4,115200.0
2024-08-27,1,197900.0
2024-08-27,2,181300.0
2024-08-27,3,148500.0
2024-08-27,4,115800.0
2024-08-28,1,198700.0
2024-08-28,2,182000.0
2024-08-28,3,149000.0
2024-08-28,4,116200.0
2024-08-29,1,198200.0
2024-08-29,2,181600.0
2024-08-29,3,148700.0
2024-08-29,4,116000.0
2024-08-30,1,198900.0
2024-08-30,2,182200.0
2024-08-30,3,149200.0
2024-08-30,4,116400.0
2024-08-31,1,199200.0
2024-08-31,2,182400.0
2024-08-31,3,149400.0
2024-08-31,4,116500.0
2024-09-01,1,199800.0
2024-09-01,2,183000.0
2024-09-01,3,149900.0
2024-09-01,4,116900.0
2024-09-02,1,200500.0
2024-09-02,2,183600.0
2024-09-02,3,150400.0
2024-09-02,4,117300.0
2024-09-03,1,200000.0
2024-09-03,2,183200.0
2024-09-03,3,150000.0
2024-09-03,4,117000.0
2024-09-04,1,200400.0
2024-09-04,2,183600.0
2024-09-04,3,150300.0
2024-09-04,4,117200.0
2024-09-05,1,200100.0
2024-09-05,2,183300.0
2024-09-05,3,150100.0
2024-09-05,4,117000.0
2024-09-06,1,200600.0
2024-09-06,2,183700.0
2024-09-06,3,150400.0
2024-09-06,4,117300.0
2024-09-07,1,200400.0
2024-09-07,2,183600.0
2024-09-07,3,150300.0
2024-09-07,4,117200.0
2024-09-08,1,200400.0
2024-09-08,2,183600.0
2024-09-08,3,150300.0
2024-09-08,4,117200.0
2024-09-09,1,200700.0
2024-09-09,2,183800.0
2024-09-09,3,150500.0
2024-09-09,4,117400.0
2024-09-10,1,200300.0
2024-09-10,2,183500.0
2024-09-10,3,150200.0
2024-09-10,4,117200.0
2024-09-11,1,200200.0
2024-09-11,2,183400.0
2024-09-11,3,150100.0
2024-09-11,4,117100.0
2024-09-12,1,199600.0
2024-09-12,2,182800.0
2024-09-12,3,149700.0
2024-09-12,4,116800.0
2024-09-13,1,199100.0
2024-09-13,2,182400.0
2024-09-13,3,149400.0
2024-09-13,4,116500.0
2024-09-14,1,199900.0
2024-09-14,2,183100.0
2024-09-14,3,149900.0
2024-09-14,4,116900.0
2024-09-15,1,200000.0
2024-09-15,2,183200.0
2024-09-15,3,150000.0
2024-09-15,4,117000.0
2024-09-16,1,199900.0
2024-09-16,2,183200.0
2024-09-16,3,150000.0
2024-09-16,4,117000.0
2024-09-17,1,199400.0
2024-09-17,2,182700.0
2024-09-17,3,149600.0
2024-09-17,4,116700.0
2024-09-18,1,198800.0
2024-09-18,2,182100.0
2024-09-18,3,149100.0
2024-09-18,4,116300.0
2024-09-19,1,198800.0
2024-09-19,2,182100.0
2024-09-19,3,149100.0
2024-09-19,4,116300.0
2024-09-20,1,199200.0
2024-09-20,2,182400.0
2024-09-20,3,149400.0
2024-09-20,4,116500.0
2024-09-21,1,198400.0
2024-09-21,2,181800.0
2024-09-21,3,148800.0
2024-09-21,4,116100.0
2024-09-22,1,199000.0
2024-09-22,2,182300.0
2024-09-22,3,149300.0
2024-09-22,4,116400.0
2024-09-23,1,199100.0
2024-09-23,2,182400.0
2024-09-23,3,149400.0
2024-09-23,4,116500.0
2024-09-24,1,198600.0
2024-09-24,2,181900.0
2024-09-24,3,148900.0
2024-09-24,4,116200.0
2024-09-25,1,198600.0
2024-09-25,2,181900.0
2024-09-25,3,149000.0
2024-09-25,4,116200.0
2024-09-26,1,198100.0
2024-09-26,2,181400.0
2024-09-26,3,148500.0
2024-09-26,4,115900.0
2024-09-27,1,198300.0
2024-09-27,2,181700.0
2024-09-27,3,148800.0
2024-09-27,4,116000.0
2024-09-28,1,199000.0
2024-09-28,2,182300.0
2024-09-28,3,149300.0
2024-09-28,4,116400.0
2024-09-29,1,199800.0
2024-09-29,2,183000.0
2024-09-29,3,149900.0
2024-09-29,4,116900.0
2024-09-30,1,200400.0
2024-09-30,2,183600.0
2024-09-30,3,150300.0
2024-09-30,4,117300.0
2024-10-01,1,200800.0
2024-10-01,2,183900.0
2024-10-01,3,150600.0
2024-10-01,4,117500.0
2024-10-02,1,200900.0
2024-10-02,2,184100.0
2024-10-02,3,150700.0
2024-10-02,4,117500.0
2024-10-03,1,200800.0
2024-10-03,2,183900.0
2024-10-03,3,150600.0
2024-10-03,4,117500.0
2024-10-04,1,200100.0
2024-10-04,2,183300.0
2024-10-04,3,150100.0
2024-10-04,4,117000.0
2024-10-05,1,200200.0
2024-10-05,2,183400.0
2024-10-05,3,150200.0
2024-10-05,4,117100.0
2024-10-06,1,199800.0
2024-10-06,2,183100.0
2024-10-06,3,149900.0
2024-10-06,4,116900.0
2024-10-07,1,200500.0
2024-10-07,2,183600.0
2024-10-07,3,150400.0
2024-10-07,4,117300.0
2024-10-08,1,201100.0
2024-10-08,2,184200.0
2024-10-08,3,150800.0
2024-10-08,4,117700.0
2024-10-09,1,201000.0
2024-10-09,2,184100.0
2024-10-09,3,150700.0
2024-10-09,4,117600.0
2024-10-10,1,201300.0
2024-10-10,2,184400.0
2024-10-10,3,150900.0
2024-10-10,4,117700.0
2024-10-11,1,201800.0
2024-10-11,2,184800.0
2024-10-11,3,151300.0
2024-10-11,4,118100.0
2024-10-12,1,202400.0
2024-10-12,2,185400.0
2024-10-12,3,151800.0
2024-10-12,4,118400.0
2024-10-13,1,202800.0
2024-10-13,2,185800.0
2024-10-13,3,152100.0
2024-10-13,4,118700.0
2024-10-14,1,202200.0
2024-10-14,2,185200.0
2024-10-14,3,151700.0
2024-10-14,4,118300.0
2024-10-15,1,201600.0
2024-10-15,2,184700.0
2024-10-15,3,151200.0
2024-10-15,4,118000.0
2024-10-16,1,201700.0
2024-10-16,2,184800.0
2024-10-16,3,151300.0
2024-10-16,4,118000.0
2024-10-17,1,201300.0
2024-10-17,2,184400.0
2024-10-17,3,151000.0
2024-10-17,4,117800.0
2024-10-18,1,202100.0
2024-10-18,2,185100.0
2024-10-18,3,151500.0
2024-10-18,4,118200.0
2024-10-19,1,201800.0
2024-10-19,2,184800.0
2024-10-19,3,151300.0
2024-10-19,4,118000.0
2024-10-20,1,202600.0
2024-10-20,2,185500.0
2024-10-20,3,151900.0
2024-10-20,4,118500.0
2024-10-21,1,202500.0
2024-10-21,2,185500.0
2024-10-21,3,151900.0
2024-10-21,4,118500.0
2024-10-22,1,202000.0
2024-10-22,2,185100.0
2024-10-22,3,151500.0
2024-10-22,4,118200.0
2024-10-23,1,202500.0
2024-10-23,2,185500.0
2024-10-23,3,151900.0
2024-10-23,4,118500.0
2024-10-24,1,203100.0
2024-10-24,2,186100.0
2024-10-24,3,152300.0
2024-10-24,4,118800.0
2024-10-25,1,203400.0
2024-10-25,2,186300.0
2024-10-25,3,152500.0
2024-10-25,4,119000.0
2024-10-26,1,202800.0
2024-10-26,2,185700.0
2024-10-26,3,152100.0
2024-10-26,4,118600.0
2024-10-27,1,202000.0
2024-10-27,2,185000.0
2024-10-27,3,151500.0
2024-10-27,4,118200.0
2024-10-28,1,202400.0
2024-10-28,2,185400.0
2024-10-28,3,151800.0
2024-10-28,4,118400.0
2024-10-29,1,202800.0
2024-10-29,2,185800.0
2024-10-29,3,152100.0
2024-10-29,4,118600.0
2024-10-30,1,202600.0
2024-10-30,2,185600.0
2024-10-30,3,151900.0
2024-10-30,4,118500.0
2024-10-31,1,202400.0
2024-10-31,2,185400.0
2024-10-31,3,151800.0
2024-10-31,4,118400.0
2024-11-01,1,201900.0
2024-11-01,2,184900.0
2024-11-01,3,151400.0
2024-11-01,4,118100.0
2024-11-02,1,202300.0
2024-11-02,2,185300.0
2024-11-02,3,151700.0
2024-11-02,4,118300.0
2024-11-03,1,201900.0
2024-11-03,2,185000.0
2024-11-03,3,151400.0
2024-11-03,4,118100.0
2024-11-04,1,202700.0
2024-11-04,2,185600.0
2024-11-04,3,152000.0
2024-11-04,4,118600.0
2024-11-05,1,202600.0
2024-11-05,2,185600.0
2024-11-05,3,152000.0
2024-11-05,4,118500.0
2024-11-06,1,202500.0
2024-11-06,2,185500.0
2024-11-06,3,151900.0
2024-11-06,4,118500.0
2024-11-07,1,202200.0
2024-11-07,2,185200.0
2024-11-07,3,151600.0
2024-11-07,4,118300.0
2024-11-08,1,202600.0
2024-11-08,2,185600.0
2024-11-08,3,152000.0
2024-11-08,4,118500.0
2024-11-09,1,203200.0
2024-11-09,2,186100.0
2024-11-09,3,152400.0
2024-11-09,4,118900.0
2024-11-10,1,203100.0
2024-11-10,2,186100.0
2024-11-10,3,152300.0
2024-11-10,4,118800.0
2024-11-11,1,203700.0
2024-11-11,2,186600.0
2024-11-11,3,152800.0
2024-11-11,4,119200.0
2024-11-12,1,203800.0
2024-11-12,2,186700.0
2024-11-12,3,152900.0
2024-11-12,4,119200.0
2024-11-13,1,203700.0
2024-11-13,2,186600.0
2024-11-13,3,152800.0
2024-11-13,4,119100.0
2024-11-14,1,203900.0
2024-11-14,2,186700.0
2024-11-14,3,152900.0
2024-11-14,4,119300.0
2024-11-15,1,203500.0
2024-11-15,2,186400.0
2024-11-15,3,152600.0
2024-11-15,4,119100.0
2024-11-16,1,203300.0
2024-11-16,2,186200.0
2024-11-16,3,152500.0
2024-11-16,4,118900.0
2024-11-17,1,203100.0
2024-11-17,2,186000.0
2024-11-17,3,152300.0
2024-11-17,4,118800.0
2024-11-18,1,203600.0
2024-11-18,2,186500.0
2024-11-18,3,152700.0
2024-11-18,4,119100.0
2024-11-19,1,204100.0
2024-11-19,2,187000.0
2024-11-19,3,153100.0
2024-11-19,4,119400.0
2024-11-20,1,204900.0
2024-11-20,2,187600.0
2024-11-20,3,153600.0
2024-11-20,4,119800.0
2024-11-21,1,205200.0
2024-11-21,2,188000.0
2024-11-21,3,153900.0
2024-11-21,4,120100.0
2024-11-22,1,205800.0
2024-11-22,2,188500.0
2024-11-22,3,154400.0
2024-11-22,4,120400.0
2024-11-23,1,205800.0
2024-11-23,2,188500.0
2024-11-23,3,154400.0
2024-11-23,4,120400.0
2024-11-24,1,206300.0
2024-11-24,2,189000.0
2024-11-24,3,154700.0
2024-11-24,4,120700.0
2024-11-25,1,205800.0
2024-11-25,2,188500.0
2024-11-25,3,154300.0
2024-11-25,4,120400.0
2024-11-26,1,205300.0
2024-11-26,2,188100.0
2024-11-26,3,154000.0
2024-11-26,4,120100.0
2024-11-27,1,205300.0
2024-11-27,2,188000.0
2024-11-27,3,153900.0
2024-11-27,4,120100.0
2024-11-28,1,205100.0
2024-11-28,2,187800.0
2024-11-28,3,153800.0
2024-11-28,4,120000.0
2024-11-29,1,205300.0
2024-11-29,2,188000.0
2024-11-29,3,153900.0
2024-11-29,4,120100.0
2024-11-30,1,205700.0
2024-11-30,2,188400.0
2024-11-30,3,154300.0
2024-11-30,4,120300.0
2024-12-01,1,206200.0
2024-12-01,2,188900.0
2024-12-01,3,154700.0
2024-12-01,4,120600.0
2024-12-02,1,205700.0
2024-12-02,2,188400.0
2024-12-02,3,154300.0
2024-12-02,4,120300.0
2024-12-03,1,206600.0
2024-12-03,2,189300.0
2024-12-03,3,155000.0
2024-12-03,4,120900.0
2024-12-04,1,205800.0
2024-12-04,2,188500.0
2024-12-04,3,154400.0
2024-12-04,4,120400.0
2024-12-05,1,205200.0
2024-12-05,2,187900.0
2024-12-05,3,153900.0
2024-12-05,4,120000.0
2024-12-06,1,204600.0
2024-12-06,2,187400.0
2024-12-06,3,153500.0
2024-12-06,4,119700.0
2024-12-07,1,205500.0
2024-12-07,2,188200.0
2024-12-07,3,154100.0
2024-12-07,4,120200.0
2024-12-08,1,205500.0
2024-12-08,2,188200.0
2024-12-08,3,154100.0
2024-12-08,4,120200.0
2024-12-09,1,204800.0
2024-12-09,2,187600.0
2024-12-09,3,153600.0
2024-12-09,4,119800.0
2024-12-10,1,204400.0
2024-12-10,2,187200.0
2024-12-10,3,153300.0
2024-12-10,4,119600.0
2024-12-11,1,203700.0
2024-12-11,2,186600.0
2024-12-11,3,152800.0
2024-12-11,4,119200.0
2024-12-12,1,203000.0
2024-12-12,2,185900.0
2024-12-12,3,152200.0
2024-12-12,4,118700.0
2024-12-13,1,202900.0
2024-12-13,2,185800.0
2024-12-13,3,152100.0
2024-12-13,4,118700.0
2024-12-14,1,203800.0
2024-12-14,2,186700.0
2024-12-14,3,152900.0
2024-12-14,4,119200.0
2024-12-15,1,204100.0
2024-12-15,2,187000.0
2024-12-15,3,153100.0
2024-12-15,4,119400.0
2024-12-16,1,204300.0
2024-12-16,2,187100.0
2024-12-16,3,153200.0
2024-12-16,4,119500.0
2024-12-17,1,204800.0
2024-12-17,2,187600.0
2024-12-17,3,153600.0
2024-12-17,4,119800.0
2024-12-18,1,205100.0
2024-12-18,2,187800.0
2024-12-18,3,153800.0
2024-12-18,4,120000.0
2024-12-19,1,206000.0
2024-12-19,2,188700.0
2024-12-19,3,154500.0
2024-12-19,4,120500.0
2024-12-20,1,206700.0
2024-12-20,2,189300.0
2024-12-20,3,155000.0
2024-12-20,4,120900.0
2024-12-21,1,207000.0
2024-12-21,2,189700.0
2024-12-21,3,155300.0
2024-12-21,4,121100.0
2024-12-22,1,207000.0
2024-12-22,2,189600.0
2024-12-22,3,155300.0
2024-12-22,4,121100.0
2024-12-23,1,206600.0
2024-12-23,2,189200.0
2024-12-23,3,154900.0
2024-12-23,4,120900.0
2024-12-24,1,207000.0
2024-12-24,2,189600.0
2024-12-24,3,155200.0
2024-12-24,4,121100.0
2024-12-25,1,207600.0
2024-12-25,2,190200.0
2024-12-25,3,155700.0
2024-12-25,4,121500.0
2024-12-26,1,207400.0
2024-12-26,2,189900.0
2024-12-26,3,155500.0
2024-12-26,4,121300.0
2024-12-27,1,206600.0
2024-12-27,2,189200.0
2024-12-27,3,154900.0
2024-12-27,4,120900.0
2024-12-28,1,206900.0
2024-12-28,2,189500.0
2024-12-28,3,155200.0
2024-12-28,4,121000.0
2024-12-29,1,207000.0
2024-12-29,2,189600.0
2024-12-29,3,155300.0
2024-12-29,4,121100.0
2024-12-30,1,206600.0
2024-12-30,2,189300.0
2024-12-30,3,155000.0
2024-12-30,4,120900.0
2024-12-31,1,206100.0
2024-12-31,2,188800.0
2024-12-31,3,154600.0
2024-12-31,4,120600.0
2025-01-01,1,205300.0
2025-01-01,2,188100.0
2025-01-01,3,154000.0
2025-01-01,4,120100.0
2025-01-02,1,205000.0
2025-01-02,2,187700.0
2025-01-02,3,153700.0
2025-01-02,4,119900.0
2025-01-03,1,204100.0
2025-01-03,2,187000.0
2025-01-03,3,153100.0
2025-01-03,4,119400.0
2025-01-04,1,203600.0
2025-01-04,2,186500.0
2025-01-04,3,152700.0
2025-01-04,4,119100.0
2025-01-05,1,204600.0
2025-01-05,2,187400.0
2025-01-05,3,153500.0
2025-01-05,4,119700.0
2025-01-06,1,205200.0
2025-01-06,2,188000.0
2025-01-06,3,153900.0
2025-01-06,4,120100.0
2025-01-07,1,205100.0
2025-01-07,2,187900.0
2025-01-07,3,153800.0
2025-01-07,4,120000.0
2025-01-08,1,205000.0
2025-01-08,2,187800.0
2025-01-08,3,153700.0
2025-01-08,4,119900.0
2025-01-09,1,205200.0
2025-01-09,2,188000.0
2025-01-09,3,153900.0
2025-01-09,4,120100.0
2025-01-10,1,205400.0
2025-01-10,2,188100.0
2025-01-10,3,154000.0
2025-01-10,4,120100.0
2025-01-11,1,205900.0
2025-01-11,2,188600.0
2025-01-11,3,154400.0
2025-01-11,4,120500.0
2025-01-12,1,205200.0
2025-01-12,2,188000.0
2025-01-12,3,153900.0
2025-01-12,4,120100.0
2025-01-13,1,204600.0
2025-01-13,2,187400.0
2025-01-13,3,153400.0
2025-01-13,4,119700.0
2025-01-14,1,204300.0
2025-01-14,2,187100.0
2025-01-14,3,153200.0
2025-01-14,4,119500.0
2025-01-15,1,205000.0
2025-01-15,2,187800.0
2025-01-15,3,153700.0
2025-01-15,4,119900.0
2025-01-16,1,205900.0
2025-01-16,2,188600.0
2025-01-16,3,154400.0
2025-01-16,4,120400.0
2025-01-17,1,205700.0
2025-01-17,2,188400.0
2025-01-17,3,154300.0
2025-01-17,4,120300.0
2025-01-18,1,206600.0
2025-01-18,2,189300.0
2025-01-18,3,155000.0
2025-01-18,4,120900.0
2025-01-19,1,206300.0
2025-01-19,2,189000.0
2025-01-19,3,154700.0
2025-01-19,4,120700.0
2025-01-20,1,206600.0
2025-01-20,2,189300.0
2025-01-20,3,155000.0
2025-01-20,4,120900.0
2025-01-21,1,206200.0
2025-01-21,2,188800.0
2025-01-21,3,154600.0
2025-01-21,4,120600.0
2025-01-22,1,207100.0
2025-01-22,2,189700.0
2025-01-22,3,155300.0
2025-01-22,4,121100.0
2025-01-23,1,207300.0
2025-01-23,2,189900.0
2025-01-23,3,155500.0
2025-01-23,4,121300.0
2025-01-24,1,207000.0
2025-01-24,2,189600.0
2025-01-24,3,155200.0
2025-01-24,4,121100.0
2025-01-25,1,206900.0
2025-01-25,2,189500.0
2025-01-25,3,155200.0
2025-01-25,4,121000.0
2025-01-26,1,206300.0
2025-01-26,2,188900.0
2025-01-26,3,154700.0
2025-01-26,4,120700.0
2025-01-27,1,205600.0
2025-01-27,2,188300.0
2025-01-27,3,154200.0
2025-01-27,4,120300.0
2025-01-28,1,205300.0
2025-01-28,2,188000.0
2025-01-28,3,154000.0
2025-01-28,4,120100.0
2025-01-29,1,206200.0
2025-01-29,2,188900.0
2025-01-29,3,154700.0
2025-01-29,4,120600.0
2025-01-30,1,206900.0
2025-01-30,2,189500.0
2025-01-30,3,155200.0
2025-01-30,4,121000.0
2025-01-31,1,207800.0
2025-01-31,2,190400.0
2025-01-31,3,155900.0
2025-01-31,4,121600.0
2025-02-01,1,208600.0
2025-02-01,2,191100.0
2025-02-01,3,156500.0
2025-02-01,4,122100.0
2025-02-02,1,209300.0
2025-02-02,2,191800.0
2025-02-02,3,157000.0
2025-02-02,4,122500.0
2025-02-03,1,209600.0
2025-02-03,2,192000.0
2025-02-03,3,157200.0
2025-02-03,4,122600.0
2025-02-04,1,210100.0
2025-02-04,2,192400.0
2025-02-04,3,157500.0
2025-02-04,4,122900.0
2025-02-05,1,211000.0
2025-02-05,2,193300.0
2025-02-05,3,158300.0
2025-02-05,4,123500.0
2025-02-06,1,211300.0
2025-02-06,2,193500.0
2025-02-06,3,158500.0
2025-02-06,4,123600.0
2025-02-07,1,211900.0
2025-02-07,2,194100.0
2025-02-07,3,158900.0
2025-02-07,4,124000.0
2025-02-08,1,212500.0
2025-02-08,2,194600.0
2025-02-08,3,159400.0
2025-02-08,4,124300.0
2025-02-09,1,213500.0
2025-02-09,2,195500.0
2025-02-09,3,160100.0
2025-02-09,4,124900.0
2025-02-10,1,213500.0
2025-02-10,2,195600.0
2025-02-10,3,160100.0
2025-02-10,4,124900.0
2025-02-11,1,213500.0
2025-02-11,2,195600.0
2025-02-11,3,160200.0
2025-02-11,4,124900.0
2025-02-12,1,213800.0
2025-02-12,2,195800.0
2025-02-12,3,160400.0
2025-02-12,4,125100.0
2025-02-13,1,213000.0
2025-02-13,2,195100.0
2025-02-13,3,159800.0
2025-02-13,4,124600.0
2025-02-14,1,212400.0
2025-02-14,2,194500.0
2025-02-14,3,159300.0
2025-02-14,4,124200.0
2025-02-15,1,211700.0
2025-02-15,2,193900.0
2025-02-15,3,158700.0
2025-02-15,4,123800.0
2025-02-16,1,212000.0
2025-02-16,2,194200.0
2025-02-16,3,159000.0
2025-02-16,4,124000.0
2025-02-17,1,213100.0
2025-02-17,2,195200.0
2025-02-17,3,159800.0
2025-02-17,4,124600.0
2025-02-18,1,213500.0
2025-02-18,2,195600.0
2025-02-18,3,160100.0
2025-02-18,4,124900.0
2025-02-19,1,213100.0
2025-02-19,2,195200.0
2025-02-19,3,159800.0
2025-02-19,4,124700.0
2025-02-20,1,212900.0
2025-02-20,2,195000.0
2025-02-20,3,159600.0
2025-02-20,4,124500.0
2025-02-21,1,213800.0
2025-02-21,2,195900.0
2025-02-21,3,160400.0
2025-02-21,4,125100.0
2025-02-22,1,214000.0
2025-02-22,2,196000.0
2025-02-22,3,160500.0
2025-02-22,4,125200.0
2025-02-23,1,213100.0
2025-02-23,2,195200.0
2025-02-23,3,159800.0
2025-02-23,4,124700.0
2025-02-24,1,213900.0
2025-02-24,2,195900.0
2025-02-24,3,160400.0
2025-02-24,4,125100.0
2025-02-25,1,213500.0
2025-02-25,2,195600.0
2025-02-25,3,160100.0
2025-02-25,4,124900.0
2025-02-26,1,212800.0
2025-02-26,2,194900.0
2025-02-26,3,159600.0
2025-02-26,4,124500.0
2025-02-27,1,213300.0
2025-02-27,2,195300.0
2025-02-27,3,159900.0
2025-02-27,4,124800.0
2025-02-28,1,214000.0
2025-02-28,2,196000.0
2025-02-28,3,160500.0
2025-02-28,4,125200.0
2025-03-01,1,213300.0
2025-03-01,2,195400.0
2025-03-01,3,160000.0
2025-03-01,4,124800.0
2025-03-02,1,214200.0
2025-03-02,2,196200.0
2025-03-02,3,160700.0
2025-03-02,4,125300.0
2025-03-03,1,214300.0
2025-03-03,2,196300.0
2025-03-03,3,160700.0
2025-03-03,4,125300.0
2025-03-04,1,214100.0
2025-03-04,2,196100.0
2025-03-04,3,160600.0
2025-03-04,4,125200.0
2025-03-05,1,215000.0
2025-03-05,2,196900.0
2025-03-05,3,161200.0
2025-03-05,4,125800.0
2025-03-06,1,214600.0
2025-03-06,2,196600.0
2025-03-06,3,161000.0
2025-03-06,4,125600.0
2025-03-07,1,215600.0
2025-03-07,2,197500.0
2025-03-07,3,161700.0
2025-03-07,4,126100.0
2025-03-08,1,216100.0
2025-03-08,2,197900.0
2025-03-08,3,162000.0
2025-03-08,4,126400.0
2025-03-09,1,217000.0
2025-03-09,2,198700.0
2025-03-09,3,162700.0
2025-03-09,4,126900.0
2025-03-10,1,217100.0
2025-03-10,2,198800.0
2025-03-10,3,162800.0
2025-03-10,4,127000.0
2025-03-11,1,216600.0
2025-03-11,2,198400.0
2025-03-11,3,162400.0
2025-03-11,4,126700.0
2025-03-12,1,217200.0
2025-03-12,2,198900.0
2025-03-12,3,162900.0
2025-03-12,4,127000.0
2025-03-13,1,218000.0
2025-03-13,2,199700.0
2025-03-13,3,163500.0
2025-03-13,4,127500.0
2025-03-14,1,217500.0
2025-03-14,2,199300.0
2025-03-14,3,163100.0
2025-03-14,4,127300.0
2025-03-15,1,217100.0
2025-03-15,2,198800.0
2025-03-15,3,162800.0
2025-03-15,4,127000.0
2025-03-16,1,216700.0
2025-03-16,2,198500.0
2025-03-16,3,162500.0
2025-03-16,4,126800.0
2025-03-17,1,217000.0
2025-03-17,2,198800.0
2025-03-17,3,162800.0
2025-03-17,4,127000.0
2025-03-18,1,216500.0
2025-03-18,2,198300.0
2025-03-18,3,162300.0
2025-03-18,4,126600.0
2025-03-19,1,215800.0
2025-03-19,2,197700.0
2025-03-19,3,161800.0
2025-03-19,4,126200.0
2025-03-20,1,216700.0
2025-03-20,2,198500.0
2025-03-20,3,162500.0
2025-03-20,4,126800.0
2025-03-21,1,217200.0
2025-03-21,2,198900.0
2025-03-21,3,162900.0
2025-03-21,4,127000.0
2025-03-22,1,217600.0
2025-03-22,2,199300.0
2025-03-22,3,163200.0
2025-03-22,4,127300.0
2025-03-23,1,217900.0
2025-03-23,2,199600.0
2025-03-23,3,163400.0
2025-03-23,4,127500.0
2025-03-24,1,218600.0
2025-03-24,2,200200.0
2025-03-24,3,163900.0
2025-03-24,4,127900.0
2025-03-25,1,218700.0
2025-03-25,2,200400.0
2025-03-25,3,164100.0
2025-03-25,4,128000.0
2025-03-26,1,218000.0
2025-03-26,2,199600.0
2025-03-26,3,163500.0
2025-03-26,4,127500.0
2025-03-27,1,218000.0
2025-03-27,2,199700.0
2025-03-27,3,163500.0
2025-03-27,4,127500.0
2025-03-28,1,218400.0
2025-03-28,2,200000.0
2025-03-28,3,163800.0
2025-03-28,4,127700.0
2025-03-29,1,218500.0
2025-03-29,2,200100.0
2025-03-29,3,163900.0
2025-03-29,4,127800.0
2025-03-30,1,219500.0
2025-03-30,2,201100.0
2025-03-30,3,164600.0
2025-03-30,4,128400.0
2025-03-31,1,220400.0
2025-03-31,2,201900.0
2025-03-31,3,165300.0
2025-03-31,4,128900.0
2025-04-01,1,221300.0
2025-04-01,2,202700.0
2025-04-01,3,166000.0
2025-04-01,4,129400.0
2025-04-02,1,221400.0
2025-04-02,2,202800.0
2025-04-02,3,166000.0
2025-04-02,4,129500.0
2025-04-03,1,222400.0
2025-04-03,2,203800.0
2025-04-03,3,166800.0
2025-04-03,4,130100.0
2025-04-04,1,223400.0
2025-04-04,2,204600.0
2025-04-04,3,167500.0
2025-04-04,4,130700.0
2025-04-05,1,223100.0
2025-04-05,2,204300.0
2025-04-05,3,167300.0
2025-04-05,4,130500.0
2025-04-06,1,222600.0
2025-04-06,2,203900.0
2025-04-06,3,167000.0
2025-04-06,4,130200.0
2025-04-07,1,222900.0
2025-04-07,2,204100.0
2025-04-07,3,167200.0
2025-04-07,4,130400.0
2025-04-08,1,222100.0
2025-04-08,2,203400.0
2025-04-08,3,166600.0
2025-04-08,4,129900.0
2025-04-09,1,222800.0
2025-04-09,2,204100.0
2025-04-09,3,167100.0
2025-04-09,4,130300.0
2025-04-10,1,222900.0
2025-04-10,2,204100.0
2025-04-10,3,167100.0
2025-04-10,4,130400.0
2025-04-11,1,223100.0
2025-04-11,2,204300.0
2025-04-11,3,167300.0
2025-04-11,4,130500.0
2025-04-12,1,223200.0
2025-04-12,2,204400.0
2025-04-12,3,167400.0
2025-04-12,4,130600.0
2025-04-13,1,223100.0
2025-04-13,2,204300.0
2025-04-13,3,167300.0
2025-04-13,4,130500.0
2025-04-14,1,223600.0
2025-04-14,2,204800.0
2025-04-14,3,167700.0
2025-04-14,4,130800.0
2025-04-15,1,223000.0
2025-04-15,2,204300.0
2025-04-15,3,167300.0
2025-04-15,4,130500.0
2025-04-16,1,224100.0
2025-04-16,2,205300.0
2025-04-16,3,168100.0
2025-04-16,4,131100.0
2025-04-17,1,224600.0
2025-04-17,2,205700.0
2025-04-17,3,168400.0
2025-04-17,4,131400.0
2025-04-18,1,224600.0
2025-04-18,2,205800.0
2025-04-18,3,168500.0
2025-04-18,4,131400.0
2025-04-19,1,225100.0
2025-04-19,2,206200.0
2025-04-19,3,168800.0
2025-04-19,4,131700.0
2025-04-20,1,224200.0
2025-04-20,2,205400.0
2025-04-20,3,168200.0
2025-04-20,4,131200.0
2025-04-21,1,223800.0
2025-04-21,2,205000.0
2025-04-21,3,167800.0
2025-04-21,4,130900.0
2025-04-22,1,224000.0
2025-04-22,2,205200.0
2025-04-22,3,168000.0
2025-04-22,4,131100.0
2025-04-23,1,223800.0
2025-04-23,2,205000.0
2025-04-23,3,167900.0
2025-04-23,4,130900.0
2025-04-24,1,224100.0
2025-04-24,2,205300.0
2025-04-24,3,168100.0
2025-04-24,4,131100.0
2025-04-25,1,223800.0
2025-04-25,2,205000.0
2025-04-25,3,167800.0
2025-04-25,4,130900.0
2025-04-26,1,224000.0
2025-04-26,2,205200.0
2025-04-26,3,168000.0
2025-04-26,4,131000.0
2025-04-27,1,223600.0
2025-04-27,2,204800.0
2025-04-27,3,167700.0
2025-04-27,4,130800.0
2025-04-28,1,223600.0
2025-04-28,2,204800.0
2025-04-28,3,167700.0
2025-04-28,4,130800.0
2025-04-29,1,224000.0
2025-04-29,2,205100.0
2025-04-29,3,168000.0
2025-04-29,4,131000.0
2025-04-30,1,223800.0
2025-04-30,2,205000.0
2025-04-30,3,167900.0
2025-04-30,4,130900.0
2025-05-01,1,223900.0
2025-05-01,2,205100.0
2025-05-01,3,167900.0
2025-05-01,4,131000.0
2025-05-02,1,223400.0
2025-05-02,2,204700.0
2025-05-02,3,167600.0
2025-05-02,4,130700.0
2025-05-03,1,224000.0
2025-05-03,2,205100.0
2025-05-03,3,168000.0
2025-05-03,4,131000.0
2025-05-04,1,223800.0
2025-05-04,2,205000.0
2025-05-04,3,167900.0
2025-05-04,4,130900.0
2025-05-05,1,224600.0
2025-05-05,2,205800.0
2025-05-05,3,168500.0
2025-05-05,4,131400.0
2025-05-06,1,224300.0
2025-05-06,2,205500.0
2025-05-06,3,168200.0
2025-05-06,4,131200.0
2025-05-07,1,223800.0
2025-05-07,2,205000.0
2025-05-07,3,167800.0
2025-05-07,4,130900.0
2025-05-08,1,223100.0
2025-05-08,2,204400.0
2025-05-08,3,167400.0
2025-05-08,4,130500.0
2025-05-09,1,223400.0
2025-05-09,2,204600.0
2025-05-09,3,167600.0
2025-05-09,4,130700.0
2025-05-10,1,223000.0
2025-05-10,2,204200.0
2025-05-10,3,167200.0
2025-05-10,4,130400.0
2025-05-11,1,222300.0
2025-05-11,2,203600.0
2025-05-11,3,166700.0
2025-05-11,4,130000.0
2025-05-12,1,221900.0
2025-05-12,2,203300.0
2025-05-12,3,166400.0
2025-05-12,4,129800.0
2025-05-13,1,221500.0
2025-05-13,2,202900.0
2025-05-13,3,166100.0
2025-05-13,4,129600.0
2025-05-14,1,221500.0
2025-05-14,2,202900.0
2025-05-14,3,166100.0
2025-05-14,4,129600.0
2025-05-15,1,221400.0
2025-05-15,2,202800.0
2025-05-15,3,166000.0
2025-05-15,4,129500.0
2025-05-16,1,220800.0
2025-05-16,2,202200.0
2025-05-16,3,165600.0
2025-05-16,4,129100.0
2025-05-17,1,221800.0
2025-05-17,2,203200.0
2025-05-17,3,166300.0
2025-05-17,4,129700.0
2025-05-18,1,221200.0
2025-05-18,2,202600.0
2025-05-18,3,165900.0
2025-05-18,4,129400.0
2025-05-19,1,221900.0
2025-05-19,2,203300.0
2025-05-19,3,166400.0
2025-05-19,4,129800.0
2025-05-20,1,221400.0
2025-05-20,2,202800.0
2025-05-20,3,166000.0
2025-05-20,4,129500.0
2025-05-21,1,221500.0
2025-05-21,2,202900.0
2025-05-21,3,166100.0
2025-05-21,4,129600.0
2025-05-22,1,222600.0
2025-05-22,2,203900.0
2025-05-22,3,166900.0
2025-05-22,4,130200.0
2025-05-23,1,223400.0
2025-05-23,2,204600.0
2025-05-23,3,167600.0
2025-05-23,4,130700.0
2025-05-24,1,223500.0
2025-05-24,2,204800.0
2025-05-24,3,167700.0
2025-05-24,4,130800.0
2025-05-25,1,224100.0
2025-05-25,2,205300.0
2025-05-25,3,168100.0
2025-05-25,4,131100.0
2025-05-26,1,224800.0
2025-05-26,2,205900.0
2025-05-26,3,168600.0
2025-05-26,4,131500.0
2025-05-27,1,224500.0
2025-05-27,2,205600.0
2025-05-27,3,168400.0
2025-05-27,4,131300.0
2025-05-28,1,224700.0
2025-05-28,2,205900.0
2025-05-28,3,168600.0
2025-05-28,4,131500.0
2025-05-29,1,225000.0
2025-05-29,2,206100.0
2025-05-29,3,168700.0
2025-05-29,4,131600.0
2025-05-30,1,224900.0
2025-05-30,2,206000.0
2025-05-30,3,168700.0
2025-05-30,4,131600.0
2025-05-31,1,225400.0
2025-05-31,2,206500.0
2025-05-31,3,169000.0
2025-05-31,4,131900.0
2025-06-01,1,224600.0
2025-06-01,2,205700.0
2025-06-01,3,168500.0
2025-06-01,4,131400.0
2025-06-02,1,225400.0
2025-06-02,2,206400.0
2025-06-02,3,169000.0
2025-06-02,4,131800.0
2025-06-03,1,225400.0
2025-06-03,2,206500.0
2025-06-03,3,169100.0
2025-06-03,4,131900.0
2025-06-04,1,225800.0
2025-06-04,2,206800.0
2025-06-04,3,169300.0
2025-06-04,4,132100.0
2025-06-05,1,225800.0
2025-06-05,2,206800.0
2025-06-05,3,169400.0
2025-06-05,4,132100.0
2025-06-06,1,225600.0
2025-06-06,2,206600.0
2025-06-06,3,169200.0
2025-06-06,4,132000.0
2025-06-07,1,225400.0
2025-06-07,2,206500.0
2025-06-07,3,169100.0
2025-06-07,4,131900.0
2025-06-08,1,225700.0
2025-06-08,2,206700.0
2025-06-08,3,169200.0
2025-06-08,4,132000.0
2025-06-09,1,226600.0
2025-06-09,2,207600.0
2025-06-09,3,170000.0
2025-06-09,4,132600.0
2025-06-10,1,226300.0
2025-06-10,2,207300.0
2025-06-10,3,169700.0
2025-06-10,4,132400.0
2025-06-11,1,225400.0
2025-06-11,2,206500.0
2025-06-11,3,169000.0
2025-06-11,4,131900.0
2025-06-12,1,224700.0
2025-06-12,2,205900.0
2025-06-12,3,168600.0
2025-06-12,4,131500.0
2025-06-13,1,225600.0
2025-06-13,2,206600.0
2025-06-13,3,169200.0
2025-06-13,4,132000.0
2025-06-14,1,226600.0
2025-06-14,2,207600.0
2025-06-14,3,170000.0
2025-06-14,4,132600.0
2025-06-15,1,226100.0
2025-06-15,2,207200.0
2025-06-15,3,169600.0
2025-06-15,4,132300.0
2025-06-16,1,226400.0
2025-06-16,2,207400.0
2025-06-16,3,169800.0
2025-06-16,4,132500.0
2025-06-17,1,226800.0
2025-06-17,2,207800.0
2025-06-17,3,170100.0
2025-06-17,4,132700.0
2025-06-18,1,226300.0
2025-06-18,2,207300.0
2025-06-18,3,169700.0
2025-06-18,4,132400.0
2025-06-19,1,227000.0
2025-06-19,2,207900.0
2025-06-19,3,170200.0
2025-06-19,4,132800.0
2025-06-20,1,226800.0
2025-06-20,2,207700.0
2025-06-20,3,170100.0
2025-06-20,4,132700.0
2025-06-21,1,227300.0
2025-06-21,2,208200.0
2025-06-21,3,170400.0
2025-06-21,4,132900.0
2025-06-22,1,227300.0
2025-06-22,2,208200.0
2025-06-22,3,170500.0
2025-06-22,4,133000.0
2025-06-23,1,227900.0
2025-06-23,2,208800.0
2025-06-23,3,171000.0
2025-06-23,4,133300.0
2025-06-24,1,228800.0
2025-06-24,2,209600.0
2025-06-24,3,171600.0
2025-06-24,4,133900.0
2025-06-25,1,228700.0
2025-06-25,2,209500.0
2025-06-25,3,171500.0
2025-06-25,4,133800.0
2025-06-26,1,228400.0
2025-06-26,2,209200.0
2025-06-26,3,171300.0
2025-06-26,4,133600.0
2025-06-27,1,228800.0
2025-06-27,2,209600.0
2025-06-27,3,171600.0
2025-06-27,4,133800.0
2025-06-28,1,228200.0
2025-06-28,2,209000.0
2025-06-28,3,171100.0
2025-06-28,4,133500.0
2025-06-29,1,227600.0
2025-06-29,2,208500.0
2025-06-29,3,170700.0
2025-06-29,4,133100.0
2025-06-30,1,228300.0
2025-06-30,2,209200.0
2025-06-30,3,171300.0
2025-06-30,4,133600.0
2025-07-01,1,228100.0
2025-07-01,2,209000.0
2025-07-01,3,171100.0
2025-07-01,4,133400.0
2025-07-02,1,228500.0
2025-07-02,2,209300.0
2025-07-02,3,171400.0
2025-07-02,4,133700.0
2025-07-03,1,228800.0
2025-07-03,2,209500.0
2025-07-03,3,171600.0
2025-07-03,4,133800.0
2025-07-04,1,229600.0
2025-07-04,2,210300.0
2025-07-04,3,172200.0
2025-07-04,4,134300.0
2025-07-05,1,228800.0
2025-07-05,2,209600.0
2025-07-05,3,171600.0
2025-07-05,4,133900.0
2025-07-06,1,228200.0
2025-07-06,2,209100.0
2025-07-06,3,171200.0
2025-07-06,4,133500.0
2025-07-07,1,227800.0
2025-07-07,2,208700.0
2025-07-07,3,170800.0
2025-07-07,4,133300.0
2025-07-08,1,227500.0
2025-07-08,2,208400.0
2025-07-08,3,170700.0
2025-07-08,4,133100.0
2025-07-09,1,227200.0
2025-07-09,2,208100.0
2025-07-09,3,170400.0
2025-07-09,4,132900.0
2025-07-10,1,226900.0
2025-07-10,2,207800.0
2025-07-10,3,170100.0
2025-07-10,4,132700.0
2025-07-11,1,227300.0
2025-07-11,2,208200.0
2025-07-11,3,170500.0
2025-07-11,4,133000.0
2025-07-12,1,226900.0
2025-07-12,2,207900.0
2025-07-12,3,170200.0
2025-07-12,4,132700.0
2025-07-13,1,226900.0
2025-07-13,2,207900.0
2025-07-13,3,170200.0
2025-07-13,4,132700.0
2025-07-14,1,227800.0
2025-07-14,2,208600.0
2025-07-14,3,170800.0
2025-07-14,4,133200.0
2025-07-15,1,227600.0
2025-07-15,2,208500.0
2025-07-15,3,170700.0
2025-07-15,4,133100.0
2025-07-16,1,227900.0
2025-07-16,2,208800.0
2025-07-16,3,170900.0
2025-07-16,4,133300.0
2025-07-17,1,229000.0
2025-07-17,2,209700.0
2025-07-17,3,171700.0
2025-07-17,4,133900.0
2025-07-18,1,228900.0
2025-07-18,2,209700.0
2025-07-18,3,171700.0
2025-07-18,4,133900.0
2025-07-19,1,228400.0
2025-07-19,2,209200.0
2025-07-19,3,171300.0
2025-07-19,4,133600.0
2025-07-20,1,227500.0
2025-07-20,2,208400.0
2025-07-20,3,170600.0
2025-07-20,4,133100.0
2025-07-21,1,228100.0
2025-07-21,2,208900.0
2025-07-21,3,171100.0
2025-07-21,4,133400.0
2025-07-22,1,228500.0
2025-07-22,2,209300.0
2025-07-22,3,171400.0
2025-07-22,4,133700.0
2025-07-23,1,229500.0
2025-07-23,2,210300.0
2025-07-23,3,172200.0
2025-07-23,4,134300.0
2025-07-24,1,230100.0
2025-07-24,2,210700.0
2025-07-24,3,172600.0
2025-07-24,4,134600.0
2025-07-25,1,229300.0
2025-07-25,2,210100.0
2025-07-25,3,172000.0
2025-07-25,4,134200.0
2025-07-26,1,228700.0
2025-07-26,2,209500.0
2025-07-26,3,171600.0
2025-07-26,4,133800.0
2025-07-27,1,228000.0
2025-07-27,2,208900.0
2025-07-27,3,171000.0
2025-07-27,4,133400.0
2025-07-28,1,227300.0
2025-07-28,2,208200.0
2025-07-28,3,170400.0
2025-07-28,4,132900.0
2025-07-29,1,228200.0
2025-07-29,2,209000.0
2025-07-29,3,171100.0
2025-07-29,4,133500.0
2025-07-30,1,228400.0
2025-07-30,2,209200.0
2025-07-30,3,171300.0
2025-07-30,4,133600.0
2025-07-31,1,227500.0
2025-07-31,2,208400.0
2025-07-31,3,170600.0
2025-07-31,4,133100.0
2025-08-01,1,227400.0
2025-08-01,2,208300.0
2025-08-01,3,170600.0
2025-08-01,4,133000.0
2025-08-02,1,228100.0
2025-08-02,2,208900.0
2025-08-02,3,171000.0
2025-08-02,4,133400.0
2025-08-03,1,227300.0
2025-08-03,2,208200.0
2025-08-03,3,170500.0
2025-08-03,4,133000.0
2025-08-04,1,227000.0
2025-08-04,2,207900.0
2025-08-04,3,170200.0
2025-08-04,4,132800.0
2025-08-05,1,226400.0
2025-08-05,2,207300.0
2025-08-05,3,169800.0
2025-08-05,4,132400.0
2025-08-06,1,226800.0
2025-08-06,2,207700.0
2025-08-06,3,170100.0
2025-08-06,4,132700.0
2025-08-07,1,227700.0
2025-08-07,2,208600.0
2025-08-07,3,170800.0
2025-08-07,4,133200.0
2025-08-08,1,227400.0
2025-08-08,2,208300.0
2025-08-08,3,170600.0
2025-08-08,4,133000.0
2025-08-09,1,227000.0
2025-08-09,2,207900.0
2025-08-09,3,170300.0
2025-08-09,4,132800.0
2025-08-10,1,226700.0
2025-08-10,2,207600.0
2025-08-10,3,170000.0
2025-08-10,4,132600.0
2025-08-11,1,227100.0
2025-08-11,2,208000.0
2025-08-11,3,170300.0
2025-08-11,4,132800.0
2025-08-12,1,226400.0
2025-08-12,2,207400.0
2025-08-12,3,169800.0
2025-08-12,4,132500.0
2025-08-13,1,227200.0
2025-08-13,2,208100.0
2025-08-13,3,170400.0
2025-08-13,4,132900.0
2025-08-14,1,226400.0
2025-08-14,2,207400.0
2025-08-14,3,169800.0
2025-08-14,4,132400.0
2025-08-15,1,226800.0
2025-08-15,2,207800.0
2025-08-15,3,170100.0
2025-08-15,4,132700.0
2025-08-16,1,227700.0
2025-08-16,2,208500.0
2025-08-16,3,170700.0
2025-08-16,4,133200.0
2025-08-17,1,227400.0
2025-08-17,2,208300.0
2025-08-17,3,170600.0
2025-08-17,4,133000.0
2025-08-18,1,227500.0
2025-08-18,2,208400.0
2025-08-18,3,170600.0
2025-08-18,4,133100.0
2025-08-19,1,228600.0
2025-08-19,2,209400.0
2025-08-19,3,171400.0
2025-08-19,4,133700.0
2025-08-20,1,228800.0
2025-08-20,2,209600.0
2025-08-20,3,171600.0
2025-08-20,4,133800.0
2025-08-21,1,228400.0
2025-08-21,2,209200.0
2025-08-21,3,171300.0
2025-08-21,4,133600.0
2025-08-22,1,228400.0
2025-08-22,2,209200.0
2025-08-22,3,171300.0
2025-08-22,4,133600.0
2025-08-23,1,229500.0
2025-08-23,2,210200.0
2025-08-23,3,172100.0
2025-08-23,4,134300.0
2025-08-24,1,230000.0
2025-08-24,2,210700.0
2025-08-24,3,172500.0
2025-08-24,4,134600.0
2025-08-25,1,229500.0
2025-08-25,2,210200.0
2025-08-25,3,172100.0
2025-08-25,4,134200.0
2025-08-26,1,229800.0
2025-08-26,2,210500.0
2025-08-26,3,172300.0
2025-08-26,4,134400.0
2025-08-27,1,230200.0
2025-08-27,2,210800.0
2025-08-27,3,172600.0
2025-08-27,4,134600.0
2025-08-28,1,230600.0
2025-08-28,2,211200.0
2025-08-28,3,172900.0
2025-08-28,4,134900.0
2025-08-29,1,230800.0
2025-08-29,2,211400.0
2025-08-29,3,173100.0
2025-08-29,4,135000.0
2025-08-30,1,231000.0
2025-08-30,2,211600.0
2025-08-30,3,173200.0
2025-08-30,4,135100.0
2025-08-31,1,231400.0
2025-08-31,2,211900.0
2025-08-31,3,173500.0
2025-08-31,4,135400.0
2025-09-01,1,231100.0
2025-09-01,2,211700.0
2025-09-01,3,173300.0
2025-09-01,4,135200.0
2025-09-02,1,230900.0
2025-09-02,2,211500.0
2025-09-02,3,173200.0
2025-09-02,4,135100.0
2025-09-03,1,231100.0
2025-09-03,2,211700.0
2025-09-03,3,173300.0
2025-09-03,4,135200.0
2025-09-04,1,231800.0
2025-09-04,2,212400.0
2025-09-04,3,173900.0
2025-09-04,4,135600.0
2025-09-05,1,231800.0
2025-09-05,2,212400.0
2025-09-05,3,173900.0
2025-09-05,4,135600.0
2025-09-06,1,231700.0
2025-09-06,2,212200.0
2025-09-06,3,173800.0
2025-09-06,4,135500.0
2025-09-07,1,231300.0
2025-09-07,2,211900.0
2025-09-07,3,173500.0
2025-09-07,4,135300.0
2025-09-08,1,231000.0
2025-09-08,2,211600.0
2025-09-08,3,173200.0
2025-09-08,4,135100.0
2025-09-09,1,230100.0
2025-09-09,2,210700.0
2025-09-09,3,172600.0
2025-09-09,4,134600.0
2025-09-10,1,230800.0
2025-09-10,2,211400.0
2025-09-10,3,173100.0
2025-09-10,4,135000.0
2025-09-11,1,231700.0
2025-09-11,2,212200.0
2025-09-11,3,173800.0
2025-09-11,4,135500.0
2025-09-12,1,231500.0
2025-09-12,2,212000.0
2025-09-12,3,173600.0
2025-09-12,4,135400.0
2025-09-13,1,231500.0
2025-09-13,2,212100.0
2025-09-13,3,173600.0
2025-09-13,4,135400.0
2025-09-14,1,230600.0
2025-09-14,2,211200.0
2025-09-14,3,173000.0
2025-09-14,4,134900.0
2025-09-15,1,231600.0
2025-09-15,2,212100.0
2025-09-15,3,173700.0
2025-09-15,4,135500.0
2025-09-16,1,232600.0
2025-09-16,2,213100.0
2025-09-16,3,174500.0
2025-09-16,4,136100.0
2025-09-17,1,232700.0
2025-09-17,2,213200.0
2025-09-17,3,174500.0
2025-09-17,4,136100.0
2025-09-18,1,231800.0
2025-09-18,2,212300.0
2025-09-18,3,173900.0
2025-09-18,4,135600.0
2025-09-19,1,231800.0
2025-09-19,2,212300.0
2025-09-19,3,173800.0
2025-09-19,4,135600.0
2025-09-20,1,231500.0
2025-09-20,2,212000.0
2025-09-20,3,173600.0
2025-09-20,4,135400.0
2025-09-21,1,231000.0
2025-09-21,2,211600.0
2025-09-21,3,173300.0
2025-09-21,4,135100.0
2025-09-22,1,230100.0
2025-09-22,2,210800.0
2025-09-22,3,172600.0
2025-09-22,4,134600.0
2025-09-23,1,230000.0
2025-09-23,2,210600.0
2025-09-23,3,172500.0
2025-09-23,4,134500.0
2025-09-24,1,229900.0
2025-09-24,2,210600.0
2025-09-24,3,172400.0
2025-09-24,4,134500.0
2025-09-25,1,230100.0
2025-09-25,2,210800.0
2025-09-25,3,172600.0
2025-09-25,4,134600.0
2025-09-26,1,230000.0
2025-09-26,2,210700.0
2025-09-26,3,172500.0
2025-09-26,4,134600.0
2025-09-27,1,229400.0
2025-09-27,2,210200.0
2025-09-27,3,172100.0
2025-09-27,4,134200.0
2025-09-28,1,230100.0
2025-09-28,2,210700.0
2025-09-28,3,172500.0
2025-09-28,4,134600.0
2025-09-29,1,229900.0
2025-09-29,2,210600.0
2025-09-29,3,172500.0
2025-09-29,4,134500.0
2025-09-30,1,229800.0
2025-09-30,2,210500.0
2025-09-30,3,172400.0
2025-09-30,4,134400.0
2025-10-01,1,229400.0
2025-10-01,2,210200.0
2025-10-01,3,172100.0
2025-10-01,4,134200.0
2025-10-02,1,229400.0
2025-10-02,2,210100.0
2025-10-02,3,172000.0
2025-10-02,4,134200.0
2025-10-03,1,229000.0
2025-10-03,2,209700.0
2025-10-03,3,171700.0
2025-10-03,4,133900.0
2025-10-04,1,229600.0
2025-10-04,2,210300.0
2025-10-04,3,172200.0
2025-10-04,4,134300.0
2025-10-05,1,230600.0
2025-10-05,2,211200.0
2025-10-05,3,172900.0
2025-10-05,4,134900.0
2025-10-06,1,231300.0
2025-10-06,2,211900.0
2025-10-06,3,173500.0
2025-10-06,4,135300.0
2025-10-07,1,231800.0
2025-10-07,2,212400.0
2025-10-07,3,173900.0
2025-10-07,4,135600.0
2025-10-08,1,231500.0
2025-10-08,2,212100.0
2025-10-08,3,173600.0
2025-10-08,4,135400.0
2025-10-09,1,232100.0
2025-10-09,2,212600.0
2025-10-09,3,174100.0
2025-10-09,4,135800.0
2025-10-10,1,232900.0
2025-10-10,2,213300.0
2025-10-10,3,174700.0
2025-10-10,4,136200.0
2025-10-11,1,232800.0
2025-10-11,2,213300.0
2025-10-11,3,174600.0
2025-10-11,4,136200.0
2025-10-12,1,233700.0
2025-10-12,2,214000.0
2025-10-12,3,175300.0
2025-10-12,4,136700.0
2025-10-13,1,233100.0
2025-10-13,2,213500.0
2025-10-13,3,174800.0
2025-10-13,4,136400.0
2025-10-14,1,232800.0
2025-10-14,2,213200.0
2025-10-14,3,174600.0
2025-10-14,4,136200.0
2025-10-15,1,233200.0
2025-10-15,2,213600.0
2025-10-15,3,174900.0
2025-10-15,4,136400.0
2025-10-16,1,233600.0
2025-10-16,2,213900.0
2025-10-16,3,175200.0
2025-10-16,4,136600.0
2025-10-17,1,233200.0
2025-10-17,2,213600.0
2025-10-17,3,174900.0
2025-10-17,4,136400.0
2025-10-18,1,233600.0
2025-10-18,2,214000.0
2025-10-18,3,175200.0
2025-10-18,4,136600.0
2025-10-19,1,233000.0
2025-10-19,2,213500.0
2025-10-19,3,174800.0
2025-10-19,4,136300.0
2025-10-20,1,232100.0
2025-10-20,2,212600.0
2025-10-20,3,174100.0
2025-10-20,4,135800.0
2025-10-21,1,231300.0
2025-10-21,2,211900.0
2025-10-21,3,173500.0
2025-10-21,4,135300.0
2025-10-22,1,231500.0
2025-10-22,2,212100.0
2025-10-22,3,173600.0
2025-10-22,4,135400.0
2025-10-23,1,231000.0
2025-10-23,2,211600.0
2025-10-23,3,173200.0
2025-10-23,4,135100.0
2025-10-24,1,230300.0
2025-10-24,2,210900.0
2025-10-24,3,172700.0
2025-10-24,4,134700.0
2025-10-25,1,229900.0
2025-10-25,2,210600.0
2025-10-25,3,172400.0
2025-10-25,4,134500.0
2025-10-26,1,230500.0
2025-10-26,2,211100.0
2025-10-26,3,172800.0
2025-10-26,4,134800.0
2025-10-27,1,231000.0
2025-10-27,2,211600.0
2025-10-27,3,173300.0
2025-10-27,4,135200.0
2025-10-28,1,230600.0
2025-10-28,2,211200.0
2025-10-28,3,173000.0
2025-10-28,4,134900.0
2025-10-29,1,230000.0
2025-10-29,2,210700.0
2025-10-29,3,172500.0
2025-10-29,4,134500.0
2025-10-30,1,230100.0
2025-10-30,2,210800.0
2025-10-30,3,172600.0
2025-10-30,4,134600.0
2025-10-31,1,229900.0
2025-10-31,2,210600.0
2025-10-31,3,172400.0
2025-10-31,4,134500.0
2025-11-01,1,229600.0
2025-11-01,2,210300.0
2025-11-01,3,172200.0
2025-11-01,4,134300.0
2025-11-02,1,230300.0
2025-11-02,2,211000.0
2025-11-02,3,172800.0
2025-11-02,4,134800.0
2025-11-03,1,231500.0
2025-11-03,2,212000.0
2025-11-03,3,173600.0
2025-11-03,4,135400.0
2025-11-04,1,231500.0
2025-11-04,2,212100.0
2025-11-04,3,173600.0
2025-11-04,4,135400.0
2025-11-05,1,232300.0
2025-11-05,2,212700.0
2025-11-05,3,174200.0
2025-11-05,4,135900.0
2025-11-06,1,232000.0
2025-11-06,2,212500.0
2025-11-06,3,174000.0
2025-11-06,4,135700.0
2025-11-07,1,232800.0
2025-11-07,2,213300.0
2025-11-07,3,174600.0
2025-11-07,4,136200.0
2025-11-08,1,233900.0
2025-11-08,2,214300.0
2025-11-08,3,175400.0
2025-11-08,4,136800.0
2025-11-09,1,233100.0
2025-11-09,2,213500.0
2025-11-09,3,174800.0
2025-11-09,4,136400.0
2025-11-10,1,233800.0
2025-11-10,2,214100.0
2025-11-10,3,175300.0
2025-11-10,4,136800.0
2025-11-11,1,233000.0
2025-11-11,2,213400.0
2025-11-11,3,174800.0
2025-11-11,4,136300.0
2025-11-12,1,233100.0
2025-11-12,2,213500.0
2025-11-12,3,174800.0
2025-11-12,4,136300.0
2025-11-13,1,232500.0
2025-11-13,2,213000.0
2025-11-13,3,174400.0
2025-11-13,4,136000.0
2025-11-14,1,233400.0
2025-11-14,2,213800.0
2025-11-14,3,175000.0
2025-11-14,4,136500.0
2025-11-15,1,234100.0
2025-11-15,2,214500.0
2025-11-15,3,175600.0
2025-11-15,4,137000.0
2025-11-16,1,235000.0
2025-11-16,2,215200.0
2025-11-16,3,176200.0
2025-11-16,4,137400.0
2025-11-17,1,234300.0
2025-11-17,2,214600.0
2025-11-17,3,175700.0
2025-11-17,4,137000.0
2025-11-18,1,235000.0
2025-11-18,2,215200.0
2025-11-18,3,176200.0
2025-11-18,4,137400.0
2025-11-19,1,234500.0
2025-11-19,2,214800.0
2025-11-19,3,175900.0
2025-11-19,4,137200.0
2025-11-20,1,235200.0
2025-11-20,2,215500.0
2025-11-20,3,176400.0
2025-11-20,4,137600.0
2025-11-21,1,235200.0
2025-11-21,2,215500.0
2025-11-21,3,176400.0
2025-11-21,4,137600.0
2025-11-22,1,235800.0
2025-11-22,2,216000.0
2025-11-22,3,176900.0
2025-11-22,4,138000.0
2025-11-23,1,235000.0
2025-11-23,2,215200.0
2025-11-23,3,176200.0
2025-11-23,4,137500.0
2025-11-24,1,235000.0
2025-11-24,2,215300.0
2025-11-24,3,176300.0
2025-11-24,4,137500.0
2025-11-25,1,235700.0
2025-11-25,2,215900.0
2025-11-25,3,176800.0
2025-11-25,4,137900.0
2025-11-26,1,235900.0
2025-11-26,2,216000.0
2025-11-26,3,176900.0
2025-11-26,4,138000.0
2025-11-27,1,237000.0
2025-11-27,2,217100.0
2025-11-27,3,177800.0
2025-11-27,4,138600.0
2025-11-28,1,237100.0
2025-11-28,2,217100.0
2025-11-28,3,177800.0
2025-11-28,4,138700.0
2025-11-29,1,237600.0
2025-11-29,2,217600.0
2025-11-29,3,178200.0
2025-11-29,4,139000.0
2025-11-30,1,237300.0
2025-11-30,2,217400.0
2025-11-30,3,178000.0
2025-11-30,4,138800.0
2025-12-01,1,237000.0
2025-12-01,2,217100.0
2025-12-01,3,177800.0
2025-12-01,4,138700.0
2025-12-02,1,237400.0
2025-12-02,2,217500.0
2025-12-02,3,178100.0
2025-12-02,4,138900.0
2025-12-03,1,236600.0
2025-12-03,2,216700.0
2025-12-03,3,177400.0
2025-12-03,4,138400.0
2025-12-04,1,237600.0
2025-12-04,2,217700.0
2025-12-04,3,178200.0
2025-12-04,4,139000.0
2025-12-05,1,237800.0
2025-12-05,2,217800.0
2025-12-05,3,178300.0
2025-12-05,4,139100.0
2025-12-06,1,237400.0
2025-12-06,2,217400.0
2025-12-06,3,178000.0
2025-12-06,4,138900.0
2025-12-07,1,237800.0
2025-12-07,2,217800.0
2025-12-07,3,178300.0
2025-12-07,4,139100.0
2025-12-08,1,237300.0
2025-12-08,2,217300.0
2025-12-08,3,177900.0
2025-12-08,4,138800.0
2025-12-09,1,238200.0
2025-12-09,2,218200.0
2025-12-09,3,178600.0
2025-12-09,4,139300.0
2025-12-10,1,239100.0
2025-12-10,2,219000.0
2025-12-10,3,179300.0
2025-12-10,4,139900.0
2025-12-11,1,238600.0
2025-12-11,2,218600.0
2025-12-11,3,179000.0
2025-12-11,4,139600.0
2025-12-12,1,237900.0
2025-12-12,2,217900.0
2025-12-12,3,178400.0
2025-12-12,4,139200.0
2025-12-13,1,238300.0
2025-12-13,2,218300.0
2025-12-13,3,178700.0
2025-12-13,4,139400.0
2025-12-14,1,238000.0
2025-12-14,2,218000.0
2025-12-14,3,178500.0
2025-12-14,4,139300.0
2025-12-15,1,237500.0
2025-12-15,2,217500.0
2025-12-15,3,178100.0
2025-12-15,4,138900.0
2025-12-16,1,237100.0
2025-12-16,2,217200.0
2025-12-16,3,177800.0
2025-12-16,4,138700.0
2025-12-17,1,236400.0
2025-12-17,2,216500.0
2025-12-17,3,177300.0
2025-12-17,4,138300.0
2025-12-18,1,237100.0
2025-12-18,2,217200.0
2025-12-18,3,177800.0
2025-12-18,4,138700.0
2025-12-19,1,236200.0
2025-12-19,2,216400.0
2025-12-19,3,177200.0
2025-12-19,4,138200.0
2025-12-20,1,235300.0
2025-12-20,2,215600.0
2025-12-20,3,176500.0
2025-12-20,4,137700.0
2025-12-21,1,236100.0
2025-12-21,2,216200.0
2025-12-21,3,177000.0
2025-12-21,4,138100.0
2025-12-22,1,236100.0
2025-12-22,2,216300.0
2025-12-22,3,177100.0
2025-12-22,4,138100.0
2025-12-23,1,236500.0
2025-12-23,2,216600.0
2025-12-23,3,177300.0
2025-12-23,4,138300.0
2025-12-24,1,236300.0
2025-12-24,2,216400.0
2025-12-24,3,177200.0
2025-12-24,4,138200.0
2025-12-25,1,235500.0
2025-12-25,2,215800.0
2025-12-25,3,176700.0
2025-12-25,4,137800.0
2025-12-26,1,234900.0
2025-12-26,2,215200.0
2025-12-26,3,176200.0
2025-12-26,4,137400.0
2025-12-27,1,234200.0
2025-12-27,2,214500.0
2025-12-27,3,175600.0
2025-12-27,4,137000.0
2025-12-28,1,234600.0
2025-12-28,2,214900.0
2025-12-28,3,175900.0
2025-12-28,4,137200.0
2025-12-29,1,235600.0
2025-12-29,2,215800.0
2025-12-29,3,176700.0
2025-12-29,4,137800.0
2025-12-30,1,236800.0
2025-12-30,2,216900.0
2025-12-30,3,177600.0
2025-12-30,4,138500.0
2025-12-31,1,237100.0
2025-12-31,2,217200.0
2025-12-31,3,177900.0
2025-12-31,4,138700.0
