inventory_id,branch_id,product_id,stock_quantity,reorder_level,last_updated
1,1,1,11,3,2025-12-01
2,1,2,4,2,2025-12-28
3,1,3,11,4,2025-12-12
4,1,4,7,3,2025-12-17
5,1,5,3,2,2025-12-27
6,1,6,6,2,2025-12-23
7,1,7,9,3,2025-12-06
8,1,8,3,2,2025-12-30
9,1,9,15,3,2025-12-12
10,1,10,14,3,2025-12-22
11,1,11,5,2,2025-12-27
12,1,12,12,4,2025-12-14
13,1,13,7,3,2025-12-14
14,1,14,10,2,2025-12-04
15,1,15,3,5,2025-12-17
16,1,16,15,3,2025-12-25
17,1,17,9,4,2025-12-18
18,1,18,2,2,2025-12-11
19,1,19,3,5,2025-12-13
20,1,20,14,4,2025-12-20
21,1,21,14,4,2025-12-08
22,1,22,9,5,2025-12-28
23,1,23,6,5,2025-12-28
24,1,24,15,2,2025-12-31
25,1,25,5,4,2025-12-01
26,1,26,3,5,2025-12-13
27,1,27,2,5,2025-12-04
28,1,28,12,3,2025-12-13
29,1,29,5,2,2025-12-03
30,1,30,6,4,2025-12-11
31,1,31,12,3,2025-12-04
32,1,32,13,3,2025-12-24
33,1,33,8,5,2025-12-25
34,1,34,12,4,2025-12-12
35,1,35,12,5,2025-12-16
36,1,36,4,4,2025-12-25
37,1,37,3,5,2025-12-04
38,1,38,15,4,2025-12-16
39,1,39,4,3,2025-12-01
40,1,40,1,2,2025-12-27
41,1,41,15,2,2025-12-22
42,1,42,5,2,2025-12-13
43,1,43,4,4,2025-12-10
44,1,44,2,2,2025-12-22
45,1,45,14,5,2025-12-07
46,1,46,15,4,2025-12-16
47,1,47,10,4,2025-12-26
48,1,48,1,2,2025-12-14
49,1,49,12,2,2025-12-15
50,1,50,12,4,2025-12-15
51,1,51,1,5,2025-12-02
52,1,52,9,3,2025-12-29
53,1,53,15,3,2025-12-14
54,1,54,9,3,2025-12-23
55,1,55,15,5,2025-12-25
56,1,56,15,2,2025-12-22
57,1,57,15,5,2025-12-18
58,1,58,1,3,2025-12-13
59,1,59,15,4,2025-12-19
60,1,60,11,5,2025-12-25
61,1,61,10,4,2025-12-02
62,1,62,1,2,2025-12-05
63,1,63,11,4,2025-12-26
64,1,64,10,2,2025-12-13
65,1,65,13,2,2025-12-12
66,1,66,13,4,2025-12-12
67,1,67,7,2,2025-12-08
68,1,68,9,3,2025-12-19
69,1,69,2,2,2025-12-28
70,1,70,3,4,2025-12-11
71,1,71,0,3,2025-12-18
72,1,72,1,4,2025-12-15
73,1,73,13,5,2025-12-09
74,1,74,15,2,2025-12-19
75,1,75,10,2,2025-12-13
76,1,76,10,5,2025-12-19
77,1,77,15,2,2025-12-04
78,1,78,10,3,2025-12-16
79,1,79,5,4,2025-12-20
80,1,80,11,4,2025-12-14
81,1,81,15,3,2025-12-21
82,1,82,6,2,2025-12-10
83,1,83,1,4,2025-12-10
84,1,84,7,5,2025-12-20
85,1,85,3,2,2025-12-19
86,1,86,8,4,2025-12-03
87,1,87,13,5,2025-12-07
88,1,88,2,4,2025-12-21
89,1,89,9,4,2025-12-14
90,1,90,6,4,2025-12-14
91,1,91,8,5,2025-12-20
92,1,92,5,5,2025-12-29
93,1,93,5,2,2025-12-19
94,1,94,6,5,2025-12-22
95,1,95,8,5,2025-12-30
96,1,96,1,5,2025-12-17
97,1,97,11,3,2025-12-15
98,1,98,7,3,2025-12-05
99,1,99,13,4,2025-12-14
100,1,100,2,4,2025-12-21
101,1,101,13,3,2025-12-09
102,1,102,5,4,2025-12-09
103,1,103,12,3,2025-12-08
104,1,104,4,2,2025-12-07
105,1,105,7,2,2025-12-26
106,1,106,14,4,2025-12-16
107,1,107,13,5,2025-12-21
108,1,108,6,2,2025-12-06
109,1,109,4,4,2025-12-01
110,1,110,8,4,2025-12-22
111,1,111,1,3,2025-12-31
112,1,112,0,5,2025-12-02
113,1,113,10,2,2025-12-20
114,1,114,2,4,2025-12-29
115,1,115,11,5,2025-12-22
116,1,116,12,2,2025-12-31
117,1,117,7,3,2025-12-04
118,1,118,8,2,2025-12-16
119,1,119,7,2,2025-12-20
120,1,120,10,2,2025-12-11
121,1,121,7,5,2025-12-30
122,1,122,6,5,2025-12-05
123,1,123,5,2,2025-12-07
124,1,124,14,4,2025-12-14
125,1,125,1,4,2025-12-16
126,1,126,3,4,2025-12-11
127,1,127,15,5,2025-12-22
128,1,128,8,3,2025-12-29
129,1,129,11,3,2025-12-16
130,1,130,9,4,2025-12-01
131,1,131,1,2,2025-12-23
132,1,132,8,3,2025-12-18
133,1,133,9,5,2025-12-21
134,1,134,3,4,2025-12-18
135,1,135,14,3,2025-12-13
136,1,136,12,2,2025-12-30
137,1,137,9,4,2025-12-03
138,1,138,9,3,2025-12-07
139,1,139,14,3,2025-12-21
140,1,140,13,4,2025-12-26
141,1,141,8,2,2025-12-28
142,1,142,15,2,2025-12-16
143,1,143,10,5,2025-12-23
144,1,144,3,5,2025-12-27
145,1,145,8,3,2025-12-17
146,1,146,11,2,2025-12-14
147,1,147,14,4,2025-12-23
148,1,148,1,2,2025-12-21
149,1,149,14,3,2025-12-26
150,1,150,0,3,2025-12-13
151,1,151,9,3,2025-12-11
152,1,152,3,2,2025-12-06
153,1,153,4,3,2025-12-28
154,1,154,10,5,2025-12-15
155,1,155,4,5,2025-12-09
156,1,156,10,3,2025-12-26
157,1,157,6,4,2025-12-03
158,1,158,11,5,2025-12-06
159,1,159,12,5,2025-12-31
160,1,160,0,3,2025-12-31
161,1,161,7,2,2025-12-30
162,1,162,14,2,2025-12-07
163,1,163,5,4,2025-12-02
164,1,164,13,5,2025-12-20
165,1,165,4,4,2025-12-03
166,1,166,5,4,2025-12-31
167,1,167,0,2,2025-12-23
168,1,168,14,5,2025-12-27
169,1,169,3,5,2025-12-08
170,1,170,6,3,2025-12-31
171,1,171,9,4,2025-12-24
172,1,172,12,5,2025-12-05
173,1,173,6,5,2025-12-20
174,1,174,9,3,2025-12-24
175,1,175,13,3,2025-12-06
176,1,176,4,5,2025-12-01
177,1,177,8,4,2025-12-08
178,1,178,7,5,2025-12-12
179,1,179,2,5,2025-12-01
180,1,180,4,5,2025-12-28
181,1,181,12,4,2025-12-22
182,1,182,12,3,2025-12-23
183,1,183,8,5,2025-12-03
184,1,184,1,2,2025-12-02
185,1,185,7,4,2025-12-16
186,1,186,1,4,2025-12-01
187,1,187,12,4,2025-12-10
188,1,188,11,5,2025-12-05
189,1,189,5,2,2025-12-09
190,1,190,15,3,2025-12-30
191,1,191,14,4,2025-12-05
192,1,192,10,2,2025-12-23
193,1,193,4,5,2025-12-09
194,1,194,10,2,2025-12-02
195,1,195,15,3,2025-12-28
196,1,196,11,4,2025-12-30
197,1,197,9,5,2025-12-29
198,1,198,8,4,2025-12-17
199,1,199,13,4,2025-12-29
200,1,200,10,3,2025-12-24
201,1,201,4,5,2025-12-18
202,1,202,1,5,2025-12-07
203,1,203,1,3,2025-12-08
204,1,204,1,3,2025-12-16
205,1,205,5,4,2025-12-23
206,1,206,13,5,2025-12-04
207,1,207,1,5,2025-12-15
208,1,208,15,4,2025-12-15
209,1,209,3,5,2025-12-28
210,1,210,3,3,2025-12-12
211,1,211,6,2,2025-12-28
212,1,212,5,4,2025-12-27
213,1,213,8,3,2025-12-19
214,1,214,0,3,2025-12-17
215,1,215,13,3,2025-12-30
216,1,216,7,2,2025-12-25
217,1,217,3,5,2025-12-29
218,1,218,0,4,2025-12-10
219,1,219,12,2,2025-12-12
220,1,220,10,2,2025-12-05
221,1,221,2,2,2025-12-15
222,1,222,14,5,2025-12-21
223,1,223,0,4,2025-12-11
224,1,224,14,2,2025-12-11
225,1,225,6,3,2025-12-28
226,1,226,9,2,2025-12-11
227,1,227,2,2,2025-12-18
228,1,228,2,5,2025-12-13
229,1,229,5,4,2025-12-08
230,1,230,2,5,2025-12-01
231,1,231,5,3,2025-12-13
232,1,232,9,5,2025-12-21
233,1,233,3,3,2025-12-10
234,1,234,13,5,2025-12-24
235,1,235,4,4,2025-12-12
236,1,236,11,2,2025-12-17
237,1,237,15,3,2025-12-15
238,1,238,15,5,2025-12-09
239,1,239,2,5,2025-12-25
240,1,240,11,5,2025-12-20
241,1,241,13,3,2025-12-21
242,1,242,2,5,2025-12-02
243,1,243,14,4,2025-12-22
244,1,244,4,3,2025-12-30
245,1,245,2,5,2025-12-10
246,1,246,13,5,2025-12-03
247,1,247,9,5,2025-12-05
248,1,248,9,3,2025-12-27
249,1,249,13,3,2025-12-10
250,1,250,2,2,2025-12-30
251,1,251,3,2,2025-12-17
252,1,252,13,5,2025-12-04
253,1,253,8,5,2025-12-12
254,1,254,2,4,2025-12-25
255,1,255,3,2,2025-12-24
256,1,256,5,5,2025-12-26
257,1,257,12,3,2025-12-02
258,1,258,13,2,2025-12-29
259,1,259,10,4,2025-12-19
260,1,260,14,5,2025-12-20
261,1,261,10,4,2025-12-31
262,1,262,6,3,2025-12-06
263,1,263,8,2,2025-12-28
264,1,264,13,2,2025-12-18
265,1,265,0,2,2025-12-13
266,1,266,0,2,2025-12-06
267,1,267,14,5,2025-12-23
268,1,268,15,5,2025-12-10
269,1,269,12,4,2025-12-26
270,1,270,2,4,2025-12-05
271,1,271,0,3,2025-12-07
272,1,272,0,2,2025-12-23
273,1,273,0,3,2025-12-07
274,1,274,4,5,2025-12-21
275,1,275,13,3,2025-12-27
276,1,276,2,3,2025-12-10
277,1,277,4,5,2025-12-16
278,1,278,0,5,2025-12-04
279,1,279,4,3,2025-12-24
280,1,280,15,5,2025-12-16
281,1,281,14,2,2025-12-19
282,1,282,6,3,2025-12-10
283,1,283,1,5,2025-12-11
284,1,284,3,2,2025-12-21
285,1,285,13,5,2025-12-28
286,1,286,9,5,2025-12-02
287,1,287,12,5,2025-12-16
288,1,288,7,5,2025-12-23
289,1,289,0,2,2025-12-14
290,1,290,2,4,2025-12-09
291,1,291,15,5,2025-12-04
292,1,292,11,5,2025-12-15
293,1,293,0,5,2025-12-06
294,1,294,6,4,2025-12-16
295,1,295,14,4,2025-12-08
296,1,296,10,3,2025-12-30
297,1,297,4,5,2025-12-29
298,1,298,12,4,2025-12-31
299,1,299,11,5,2025-12-26
300,1,300,5,5,2025-12-20
301,2,1,9,3,2025-12-23
302,2,2,15,2,2025-12-05
303,2,3,6,3,2025-12-06
304,2,4,3,5,2025-12-26
305,2,5,15,5,2025-12-10
306,2,6,6,3,2025-12-18
307,2,7,0,2,2025-12-12
308,2,8,11,4,2025-12-22
309,2,9,5,3,2025-12-27
310,2,10,2,2,2025-12-11
311,2,11,3,5,2025-12-20
312,2,12,3,3,2025-12-18
313,2,13,15,3,2025-12-09
314,2,14,11,4,2025-12-25
315,2,15,8,2,2025-12-29
316,2,16,3,3,2025-12-23
317,2,17,14,2,2025-12-26
318,2,18,3,5,2025-12-04
319,2,19,1,2,2025-12-17
320,2,20,5,2,2025-12-21
321,2,21,6,2,2025-12-30
322,2,22,5,4,2025-12-24
323,2,23,14,4,2025-12-25
324,2,24,3,5,2025-12-05
325,2,25,10,4,2025-12-27
326,2,26,3,3,2025-12-28
327,2,27,14,3,2025-12-14
328,2,28,7,2,2025-12-27
329,2,29,10,5,2025-12-10
330,2,30,2,3,2025-12-09
331,2,31,13,4,2025-12-12
332,2,32,4,3,2025-12-25
333,2,33,7,5,2025-12-05
334,2,34,13,5,2025-12-30
335,2,35,14,5,2025-12-31
336,2,36,0,4,2025-12-15
337,2,37,0,3,2025-12-23
338,2,38,2,2,2025-12-11
339,2,39,12,4,2025-12-25
340,2,40,13,3,2025-12-02
341,2,41,1,5,2025-12-22
342,2,42,1,3,2025-12-21
343,2,43,13,4,2025-12-13
344,2,44,10,4,2025-12-30
345,2,45,0,4,2025-12-27
346,2,46,4,4,2025-12-23
347,2,47,14,5,2025-12-21
348,2,48,14,3,2025-12-23
349,2,49,12,4,2025-12-25
350,2,50,9,3,2025-12-03
351,2,51,10,2,2025-12-13
352,2,52,9,3,2025-12-07
353,2,53,9,2,2025-12-17
354,2,54,5,4,2025-12-01
355,2,55,8,2,2025-12-08
356,2,56,13,4,2025-12-17
357,2,57,1,2,2025-12-27
358,2,58,8,4,2025-12-21
359,2,59,3,4,2025-12-02
360,2,60,14,2,2025-12-10
361,2,61,14,2,2025-12-11
362,2,62,7,3,2025-12-12
363,2,63,9,4,2025-12-22
364,2,64,12,3,2025-12-17
365,2,65,3,3,2025-12-11
366,2,66,11,3,2025-12-15
367,2,67,4,2,2025-12-23
368,2,68,13,5,2025-12-03
369,2,69,1,2,2025-12-14
370,2,70,15,3,2025-12-07
371,2,71,2,5,2025-12-12
372,2,72,12,5,2025-12-28
373,2,73,15,4,2025-12-21
374,2,74,14,5,2025-12-23
375,2,75,13,5,2025-12-27
376,2,76,4,3,2025-12-17
377,2,77,15,3,2025-12-23
378,2,78,4,5,2025-12-31
379,2,79,6,2,2025-12-15
380,2,80,1,5,2025-12-24
381,2,81,11,3,2025-12-30
382,2,82,13,2,2025-12-04
383,2,83,11,2,2025-12-19
384,2,84,1,4,2025-12-17
385,2,85,3,3,2025-12-12
386,2,86,11,4,2025-12-10
387,2,87,15,4,2025-12-01
388,2,88,4,3,2025-12-26
389,2,89,1,5,2025-12-30
390,2,90,9,4,2025-12-07
391,2,91,15,3,2025-12-01
392,2,92,11,2,2025-12-03
393,2,93,13,2,2025-12-16
394,2,94,14,4,2025-12-29
395,2,95,12,4,2025-12-16
396,2,96,4,3,2025-12-17
397,2,97,14,5,2025-12-22
398,2,98,4,5,2025-12-28
399,2,99,2,4,2025-12-26
400,2,100,12,5,2025-12-08
401,2,101,10,5,2025-12-18
402,2,102,14,2,2025-12-24
403,2,103,2,4,2025-12-28
404,2,104,0,3,2025-12-19
405,2,105,3,4,2025-12-21
406,2,106,6,2,2025-12-31
407,2,107,6,2,2025-12-25
408,2,108,0,5,2025-12-04
409,2,109,0,3,2025-12-09
410,2,110,7,3,2025-12-27
411,2,111,2,5,2025-12-26
412,2,112,12,4,2025-12-19
413,2,113,15,2,2025-12-28
414,2,114,10,2,2025-12-14
415,2,115,13,3,2025-12-01
416,2,116,12,4,2025-12-09
417,2,117,3,2,2025-12-04
418,2,118,9,3,2025-12-05
419,2,119,8,3,2025-12-25
420,2,120,4,2,2025-12-10
421,2,121,5,5,2025-12-02
422,2,122,5,4,2025-12-01
423,2,123,9,2,2025-12-13
424,2,124,10,2,2025-12-05
425,2,125,10,5,2025-12-09
426,2,126,3,5,2025-12-02
427,2,127,7,3,2025-12-25
428,2,128,15,3,2025-12-17
429,2,129,3,5,2025-12-09
430,2,130,10,2,2025-12-15
431,2,131,2,5,2025-12-16
432,2,132,13,2,2025-12-21
433,2,133,0,3,2025-12-09
434,2,134,7,2,2025-12-25
435,2,135,9,3,2025-12-19
436,2,136,14,5,2025-12-03
437,2,137,4,3,2025-12-12
438,2,138,7,3,2025-12-18
439,2,139,14,5,2025-12-02
440,2,140,14,2,2025-12-31
441,2,141,5,4,2025-12-01
442,2,142,15,2,2025-12-09
443,2,143,12,4,2025-12-12
444,2,144,9,3,2025-12-02
445,2,145,2,3,2025-12-10
446,2,146,12,2,2025-12-23
447,2,147,4,2,2025-12-24
448,2,148,13,4,2025-12-07
449,2,149,10,4,2025-12-21
450,2,150,14,4,2025-12-09
451,2,151,10,3,2025-12-11
452,2,152,14,3,2025-12-31
453,2,153,0,4,2025-12-30
454,2,154,0,3,2025-12-20
455,2,155,0,5,2025-12-29
456,2,156,5,2,2025-12-14
457,2,157,12,5,2025-12-18
458,2,158,2,2,2025-12-18
459,2,159,14,2,2025-12-22
460,2,160,11,2,2025-12-27
461,2,161,11,5,2025-12-13
462,2,162,0,3,2025-12-04
463,2,163,11,5,2025-12-30
464,2,164,14,3,2025-12-01
465,2,165,0,3,2025-12-25
466,2,166,11,4,2025-12-07
467,2,167,9,2,2025-12-26
468,2,168,7,3,2025-12-16
469,2,169,1,4,2025-12-09
470,2,170,6,5,2025-12-01
471,2,171,12,3,2025-12-04
472,2,172,15,4,2025-12-06
473,2,173,5,3,2025-12-03
474,2,174,2,3,2025-12-05
475,2,175,7,4,2025-12-29
476,2,176,6,4,2025-12-28
477,2,177,8,2,2025-12-22
478,2,178,0,5,2025-12-31
479,2,179,1,5,2025-12-28
480,2,180,13,4,2025-12-28
481,2,181,8,5,2025-12-04
482,2,182,15,5,2025-12-12
483,2,183,7,2,2025-12-02
484,2,184,13,4,2025-12-18
485,2,185,10,5,2025-12-01
486,2,186,6,5,2025-12-11
487,2,187,0,2,2025-12-24
488,2,188,13,3,2025-12-31
489,2,189,7,2,2025-12-07
490,2,190,10,3,2025-12-10
491,2,191,3,2,2025-12-01
492,2,192,13,5,2025-12-26
493,2,193,10,2,2025-12-27
494,2,194,7,4,2025-12-04
495,2,195,7,5,2025-12-31
496,2,196,1,4,2025-12-27
497,2,197,7,4,2025-12-31
498,2,198,14,2,2025-12-25
499,2,199,14,2,2025-12-19
500,2,200,2,2,2025-12-02
501,2,201,12,2,2025-12-11
502,2,202,4,2,2025-12-02
503,2,203,1,5,2025-12-10
504,2,204,2,5,2025-12-04
505,2,205,1,2,2025-12-10
506,2,206,12,5,2025-12-04
507,2,207,7,5,2025-12-28
508,2,208,14,2,2025-12-13
509,2,209,13,5,2025-12-29
510,2,210,10,2,2025-12-21
511,2,211,14,2,2025-12-17
512,2,212,6,4,2025-12-04
513,2,213,0,2,2025-12-20
514,2,214,6,2,2025-12-29
515,2,215,8,3,2025-12-12
516,2,216,15,5,2025-12-24
517,2,217,5,5,2025-12-08
518,2,218,1,3,2025-12-02
519,2,219,9,3,2025-12-19
520,2,220,11,5,2025-12-10
521,2,221,4,3,2025-12-16
522,2,222,10,4,2025-12-10
523,2,223,0,4,2025-12-17
524,2,224,1,3,2025-12-08
525,2,225,13,2,2025-12-12
526,2,226,6,3,2025-12-21
527,2,227,2,3,2025-12-11
528,2,228,15,3,2025-12-23
529,2,229,10,5,2025-12-28
530,2,230,9,4,2025-12-14
531,2,231,5,4,2025-12-04
532,2,232,1,5,2025-12-16
533,2,233,0,3,2025-12-21
534,2,234,7,3,2025-12-15
535,2,235,7,3,2025-12-16
536,2,236,12,4,2025-12-07
537,2,237,5,5,2025-12-27
538,2,238,11,2,2025-12-01
539,2,239,11,2,2025-12-01
540,2,240,4,2,2025-12-10
541,2,241,6,5,2025-12-21
542,2,242,1,4,2025-12-01
543,2,243,6,3,2025-12-10
544,2,244,7,3,2025-12-29
545,2,245,5,4,2025-12-11
546,2,246,5,3,2025-12-07
547,2,247,5,2,2025-12-27
548,2,248,3,4,2025-12-01
549,2,249,12,3,2025-12-21
550,2,250,10,2,2025-12-30
551,2,251,9,3,2025-12-15
552,2,252,11,3,2025-12-26
553,2,253,5,4,2025-12-31
554,2,254,2,5,2025-12-04
555,2,255,4,3,2025-12-26
556,2,256,6,3,2025-12-18
557,2,257,11,5,2025-12-11
558,2,258,7,5,2025-12-30
559,2,259,6,2,2025-12-28
560,2,260,4,4,2025-12-11
561,2,261,1,3,2025-12-21
562,2,262,4,4,2025-12-28
563,2,263,6,5,2025-12-24
564,2,264,15,2,2025-12-26
565,2,265,5,2,2025-12-17
566,2,266,11,5,2025-12-16
567,2,267,5,5,2025-12-11
568,2,268,15,4,2025-12-23
569,2,269,15,5,2025-12-09
570,2,270,1,5,2025-12-07
571,2,271,6,3,2025-12-15
572,2,272,12,3,2025-12-07
573,2,273,13,4,2025-12-29
574,2,274,5,5,2025-12-30
575,2,275,8,4,2025-12-18
576,2,276,4,2,2025-12-25
577,2,277,9,2,2025-12-15
578,2,278,7,4,2025-12-19
579,2,279,14,2,2025-12-17
580,2,280,13,4,2025-12-15
581,2,281,13,5,2025-12-14
582,2,282,15,4,2025-12-11
583,2,283,12,4,2025-12-01
584,2,284,14,3,2025-12-08
585,2,285,2,4,2025-12-12
586,2,286,9,2,2025-12-27
587,2,287,8,2,2025-12-30
588,2,288,3,3,2025-12-04
589,2,289,11,2,2025-12-02
590,2,290,10,3,2025-12-07
591,2,291,8,4,2025-12-10
592,2,292,6,4,2025-12-23
593,2,293,8,3,2025-12-01
594,2,294,9,4,2025-12-27
595,2,295,12,4,2025-12-31
596,2,296,0,5,2025-12-16
597,2,297,12,3,2025-12-08
598,2,298,6,3,2025-12-16
599,2,299,14,3,2025-12-24
600,2,300,10,5,2025-12-26
601,3,1,10,2,2025-12-28
602,3,2,13,3,2025-12-25
603,3,3,6,5,2025-12-15
604,3,4,0,5,2025-12-12
605,3,5,4,3,2025-12-10
606,3,6,15,2,2025-12-26
607,3,7,10,4,2025-12-08
608,3,8,13,5,2025-12-22
609,3,9,9,5,2025-12-11
610,3,10,1,2,2025-12-30
611,3,11,4,3,2025-12-31
612,3,12,12,4,2025-12-13
613,3,13,12,3,2025-12-03
614,3,14,6,5,2025-12-16
615,3,15,10,2,2025-12-19
616,3,16,9,5,2025-12-03
617,3,17,3,3,2025-12-22
618,3,18,1,3,2025-12-27
619,3,19,0,5,2025-12-06
620,3,20,2,3,2025-12-30
621,3,21,9,5,2025-12-07
622,3,22,9,3,2025-12-22
623,3,23,14,2,2025-12-02
624,3,24,0,4,2025-12-06
625,3,25,13,4,2025-12-13
626,3,26,3,3,2025-12-05
627,3,27,15,5,2025-12-24
628,3,28,12,2,2025-12-31
629,3,29,4,3,2025-12-28
630,3,30,9,3,2025-12-14
631,3,31,5,5,2025-12-20
632,3,32,6,4,2025-12-17
633,3,33,8,5,2025-12-07
634,3,34,4,2,2025-12-15
635,3,35,12,2,2025-12-20
636,3,36,10,3,2025-12-30
637,3,37,14,5,2025-12-15
638,3,38,2,2,2025-12-10
639,3,39,11,5,2025-12-23
640,3,40,12,4,2025-12-20
641,3,41,13,3,2025-12-08
642,3,42,13,3,2025-12-15
643,3,43,5,5,2025-12-23
644,3,44,12,2,2025-12-23
645,3,45,7,2,2025-12-29
646,3,46,8,3,2025-12-29
647,3,47,2,4,2025-12-23
648,3,48,15,3,2025-12-14
649,3,49,11,2,2025-12-03
650,3,50,10,2,2025-12-14
651,3,51,5,5,2025-12-09
652,3,52,1,3,2025-12-15
653,3,53,2,2,2025-12-21
654,3,54,12,5,2025-12-11
655,3,55,6,5,2025-12-13
656,3,56,0,2,2025-12-09
657,3,57,4,2,2025-12-11
658,3,58,15,5,2025-12-15
659,3,59,2,2,2025-12-18
660,3,60,14,3,2025-12-05
661,3,61,8,5,2025-12-27
662,3,62,5,3,2025-12-27
663,3,63,3,2,2025-12-06
664,3,64,3,4,2025-12-18
665,3,65,5,5,2025-12-03
666,3,66,8,2,2025-12-05
667,3,67,11,5,2025-12-06
668,3,68,1,3,2025-12-29
669,3,69,14,3,2025-12-23
670,3,70,3,2,2025-12-13
671,3,71,14,4,2025-12-02
672,3,72,1,2,2025-12-25
673,3,73,6,5,2025-12-30
674,3,74,11,3,2025-12-30
675,3,75,6,3,2025-12-03
676,3,76,13,2,2025-12-01
677,3,77,10,2,2025-12-27
678,3,78,2,3,2025-12-08
679,3,79,5,2,2025-12-24
680,3,80,1,3,2025-12-14
681,3,81,10,2,2025-12-11
682,3,82,6,3,2025-12-30
683,3,83,13,5,2025-12-04
684,3,84,6,3,2025-12-04
685,3,85,10,4,2025-12-06
686,3,86,12,2,2025-12-21
687,3,87,0,4,2025-12-13
688,3,88,14,3,2025-12-08
689,3,89,8,2,2025-12-21
690,3,90,1,4,2025-12-03
691,3,91,13,3,2025-12-10
692,3,92,3,5,2025-12-23
693,3,93,8,3,2025-12-31
694,3,94,10,2,2025-12-21
695,3,95,4,5,2025-12-11
696,3,96,10,3,2025-12-28
697,3,97,2,5,2025-12-11
698,3,98,14,2,2025-12-13
699,3,99,0,3,2025-12-08
700,3,100,3,2,2025-12-10
701,3,101,13,3,2025-12-25
702,3,102,2,3,2025-12-02
703,3,103,11,3,2025-12-16
704,3,104,6,4,2025-12-05
705,3,105,6,5,2025-12-21
706,3,106,7,2,2025-12-30
707,3,107,10,5,2025-12-05
708,3,108,10,4,2025-12-21
709,3,109,13,2,2025-12-21
710,3,110,0,4,2025-12-08
711,3,111,10,4,2025-12-08
712,3,112,1,3,2025-12-30
713,3,113,7,3,2025-12-20
714,3,114,10,5,2025-12-06
715,3,115,0,5,2025-12-03
716,3,116,2,5,2025-12-31
717,3,117,1,3,2025-12-21
718,3,118,6,3,2025-12-05
719,3,119,5,2,2025-12-19
720,3,120,7,3,2025-12-17
721,3,121,13,2,2025-12-24
722,3,122,9,5,2025-12-06
723,3,123,7,3,2025-12-14
724,3,124,7,3,2025-12-10
725,3,125,14,4,2025-12-31
726,3,126,8,3,2025-12-28
727,3,127,2,5,2025-12-31
728,3,128,12,4,2025-12-13
729,3,129,15,3,2025-12-15
730,3,130,13,5,2025-12-25
731,3,131,15,3,2025-12-01
732,3,132,13,5,2025-12-28
733,3,133,9,2,2025-12-20
734,3,134,5,3,2025-12-09
735,3,135,14,5,2025-12-10
736,3,136,9,5,2025-12-13
737,3,137,2,5,2025-12-11
738,3,138,15,3,2025-12-07
739,3,139,6,3,2025-12-01
740,3,140,11,2,2025-12-16
741,3,141,13,5,2025-12-31
742,3,142,11,5,2025-12-13
743,3,143,9,5,2025-12-21
744,3,144,13,2,2025-12-29
745,3,145,3,2,2025-12-13
746,3,146,6,3,2025-12-25
747,3,147,8,5,2025-12-25
748,3,148,15,4,2025-12-21
749,3,149,1,4,2025-12-21
750,3,150,13,5,2025-12-24
751,3,151,7,3,2025-12-16
752,3,152,11,2,2025-12-21
753,3,153,4,2,2025-12-09
754,3,154,4,5,2025-12-09
755,3,155,5,3,2025-12-01
756,3,156,2,2,2025-12-21
757,3,157,12,5,2025-12-23
758,3,158,6,2,2025-12-29
759,3,159,5,5,2025-12-27
760,3,160,8,5,2025-12-23
761,3,161,12,4,2025-12-19
762,3,162,13,4,2025-12-25
763,3,163,3,2,2025-12-21
764,3,164,4,4,2025-12-09
765,3,165,12,3,2025-12-23
766,3,166,0,4,2025-12-06
767,3,167,0,5,2025-12-04
768,3,168,13,2,2025-12-17
769,3,169,9,5,2025-12-24
770,3,170,5,5,2025-12-06
771,3,171,5,4,2025-12-23
772,3,172,6,3,2025-12-16
773,3,173,3,3,2025-12-15
774,3,174,5,3,2025-12-07
775,3,175,5,2,2025-12-26
776,3,176,8,3,2025-12-29
777,3,177,14,5,2025-12-21
778,3,178,5,2,2025-12-03
779,3,179,2,4,2025-12-13
780,3,180,8,2,2025-12-03
781,3,181,0,4,2025-12-19
782,3,182,15,3,2025-12-16
783,3,183,0,2,2025-12-02
784,3,184,0,4,2025-12-22
785,3,185,3,2,2025-12-07
786,3,186,12,2,2025-12-20
787,3,187,15,4,2025-12-16
788,3,188,13,4,2025-12-11
789,3,189,10,4,2025-12-11
790,3,190,11,3,2025-12-22
791,3,191,12,5,2025-12-20
792,3,192,11,2,2025-12-28
793,3,193,3,4,2025-12-01
794,3,194,12,5,2025-12-24
795,3,195,0,3,2025-12-20
796,3,196,8,2,2025-12-31
797,3,197,11,3,2025-12-15
798,3,198,13,5,2025-12-22
799,3,199,0,3,2025-12-21
800,3,200,0,4,2025-12-21
801,3,201,1,4,2025-12-26
802,3,202,14,4,2025-12-08
803,3,203,12,5,2025-12-24
804,3,204,11,2,2025-12-14
805,3,205,3,5,2025-12-24
806,3,206,9,5,2025-12-20
807,3,207,4,3,2025-12-28
808,3,208,4,2,2025-12-16
809,3,209,9,2,2025-12-27
810,3,210,5,5,2025-12-29
811,3,211,3,5,2025-12-16
812,3,212,7,3,2025-12-07
813,3,213,2,3,2025-12-04
814,3,214,0,5,2025-12-06
815,3,215,12,4,2025-12-25
816,3,216,7,4,2025-12-24
817,3,217,15,4,2025-12-31
818,3,218,4,2,2025-12-30
819,3,219,2,5,2025-12-26
820,3,220,7,4,2025-12-30
821,3,221,10,2,2025-12-13
822,3,222,13,5,2025-12-26
823,3,223,7,3,2025-12-09
824,3,224,9,2,2025-12-03
825,3,225,2,2,2025-12-11
826,3,226,3,3,2025-12-19
827,3,227,4,4,2025-12-28
828,3,228,12,4,2025-12-19
829,3,229,9,2,2025-12-02
830,3,230,12,3,2025-12-14
831,3,231,11,4,2025-12-26
832,3,232,7,3,2025-12-04
833,3,233,0,5,2025-12-18
834,3,234,10,5,2025-12-05
835,3,235,7,4,2025-12-16
836,3,236,4,5,2025-12-20
837,3,237,4,4,2025-12-24
838,3,238,10,2,2025-12-10
839,3,239,8,2,2025-12-28
840,3,240,6,5,2025-12-16
841,3,241,12,4,2025-12-02
842,3,242,4,4,2025-12-27
843,3,243,7,3,2025-12-23
844,3,244,5,2,2025-12-28
845,3,245,12,5,2025-12-10
846,3,246,0,3,2025-12-18
847,3,247,10,5,2025-12-14
848,3,248,11,5,2025-12-25
849,3,249,12,5,2025-12-03
850,3,250,9,4,2025-12-23
851,3,251,12,3,2025-12-04
852,3,252,10,3,2025-12-25
853,3,253,9,2,2025-12-15
854,3,254,4,3,2025-12-15
855,3,255,9,5,2025-12-29
856,3,256,6,3,2025-12-07
857,3,257,0,3,2025-12-12
858,3,258,4,2,2025-12-13
859,3,259,5,5,2025-12-30
860,3,260,3,2,2025-12-12
861,3,261,5,5,2025-12-31
862,3,262,3,2,2025-12-17
863,3,263,13,4,2025-12-05
864,3,264,7,5,2025-12-02
865,3,265,7,2,2025-12-13
866,3,266,9,5,2025-12-23
867,3,267,12,3,2025-12-25
868,3,268,14,2,2025-12-28
869,3,269,8,5,2025-12-21
870,3,270,11,5,2025-12-01
871,3,271,3,2,2025-12-03
872,3,272,15,2,2025-12-21
873,3,273,0,3,2025-12-19
874,3,274,8,5,2025-12-23
875,3,275,5,2,2025-12-13
876,3,276,13,5,2025-12-10
877,3,277,3,3,2025-12-11
878,3,278,5,2,2025-12-13
879,3,279,12,2,2025-12-18
880,3,280,2,5,2025-12-17
881,3,281,6,2,2025-12-31
882,3,282,5,2,2025-12-28
883,3,283,0,3,2025-12-18
884,3,284,10,5,2025-12-04
885,3,285,4,2,2025-12-19
886,3,286,5,3,2025-12-03
887,3,287,1,4,2025-12-03
888,3,288,9,2,2025-12-12
889,3,289,13,3,2025-12-31
890,3,290,7,2,2025-12-10
891,3,291,9,2,2025-12-22
892,3,292,4,5,2025-12-19
893,3,293,10,5,2025-12-17
894,3,294,6,4,2025-12-23
895,3,295,1,2,2025-12-08
896,3,296,6,2,2025-12-05
897,3,297,6,4,2025-12-31
898,3,298,6,3,2025-12-19
899,3,299,8,4,2025-12-05
900,3,300,2,5,2025-12-18
901,4,1,8,4,2025-12-13
902,4,2,12,3,2025-12-15
903,4,3,8,2,2025-12-22
904,4,4,4,5,2025-12-18
905,4,5,2,3,2025-12-21
906,4,6,6,4,2025-12-23
907,4,7,5,4,2025-12-14
908,4,8,10,3,2025-12-26
909,4,9,12,5,2025-12-01
910,4,10,2,3,2025-12-09
911,4,11,3,2,2025-12-22
912,4,12,2,5,2025-12-11
913,4,13,11,2,2025-12-30
914,4,14,8,4,2025-12-05
915,4,15,8,3,2025-12-01
916,4,16,12,2,2025-12-08
917,4,17,3,5,2025-12-26
918,4,18,5,2,2025-12-17
919,4,19,15,4,2025-12-04
920,4,20,9,4,2025-12-18
921,4,21,3,4,2025-12-29
922,4,22,5,2,2025-12-11
923,4,23,5,5,2025-12-12
924,4,24,15,5,2025-12-19
925,4,25,8,3,2025-12-01
926,4,26,4,3,2025-12-05
927,4,27,8,5,2025-12-02
928,4,28,7,4,2025-12-22
929,4,29,14,5,2025-12-06
930,4,30,11,5,2025-12-26
931,4,31,9,5,2025-12-09
932,4,32,7,5,2025-12-10
933,4,33,9,2,2025-12-14
934,4,34,2,4,2025-12-21
935,4,35,2,2,2025-12-24
936,4,36,2,3,2025-12-06
937,4,37,2,2,2025-12-24
938,4,38,15,4,2025-12-26
939,4,39,13,2,2025-12-22
940,4,40,15,3,2025-12-16
941,4,41,12,2,2025-12-01
942,4,42,0,3,2025-12-23
943,4,43,11,5,2025-12-08
944,4,44,14,2,2025-12-31
945,4,45,7,3,2025-12-06
946,4,46,11,2,2025-12-27
947,4,47,11,3,2025-12-31
948,4,48,13,2,2025-12-16
949,4,49,5,5,2025-12-12
950,4,50,10,2,2025-12-30
951,4,51,3,3,2025-12-10
952,4,52,15,4,2025-12-10
953,4,53,6,4,2025-12-01
954,4,54,6,5,2025-12-30
955,4,55,1,4,2025-12-30
956,4,56,15,5,2025-12-02
957,4,57,0,4,2025-12-20
958,4,58,10,5,2025-12-10
959,4,59,3,4,2025-12-01
960,4,60,5,4,2025-12-13
961,4,61,0,4,2025-12-04
962,4,62,15,5,2025-12-07
963,4,63,4,2,2025-12-14
964,4,64,15,2,2025-12-01
965,4,65,8,3,2025-12-08
966,4,66,12,5,2025-12-12
967,4,67,11,4,2025-12-14
968,4,68,8,3,2025-12-04
969,4,69,14,5,2025-12-06
970,4,70,11,3,2025-12-24
971,4,71,0,5,2025-12-12
972,4,72,3,3,2025-12-07
973,4,73,1,4,2025-12-05
974,4,74,13,5,2025-12-24
975,4,75,1,4,2025-12-06
976,4,76,15,3,2025-12-31
977,4,77,3,4,2025-12-14
978,4,78,15,5,2025-12-26
979,4,79,10,3,2025-12-25
980,4,80,12,5,2025-12-05
981,4,81,3,2,2025-12-26
982,4,82,4,2,2025-12-05
983,4,83,0,4,2025-12-25
984,4,84,1,3,2025-12-22
985,4,85,13,4,2025-12-20
986,4,86,13,2,2025-12-16
987,4,87,9,4,2025-12-16
988,4,88,13,2,2025-12-08
989,4,89,5,3,2025-12-08
990,4,90,3,4,2025-12-28
991,4,91,7,4,2025-12-22
992,4,92,6,5,2025-12-16
993,4,93,5,2,2025-12-07
994,4,94,7,3,2025-12-04
995,4,95,12,3,2025-12-02
996,4,96,6,4,2025-12-30
997,4,97,13,3,2025-12-01
998,4,98,2,3,2025-12-28
999,4,99,12,2,2025-12-14
1000,4,100,7,4,2025-12-08
1001,4,101,13,4,2025-12-16
1002,4,102,13,2,2025-12-21
1003,4,103,9,2,2025-12-04
1004,4,104,11,4,2025-12-09
1005,4,105,13,4,2025-12-08
1006,4,106,1,4,2025-12-06
1007,4,107,0,2,2025-12-02
1008,4,108,6,4,2025-12-10
1009,4,109,8,5,2025-12-30
1010,4,110,13,2,2025-12-06
1011,4,111,15,4,2025-12-12
1012,4,112,9,4,2025-12-04
1013,4,113,0,2,2025-12-22
1014,4,114,10,3,2025-12-12
1015,4,115,11,4,2025-12-08
1016,4,116,6,4,2025-12-19
1017,4,117,2,5,2025-12-29
1018,4,118,4,2,2025-12-21
1019,4,119,1,2,2025-12-19
1020,4,120,6,3,2025-12-23
1021,4,121,3,5,2025-12-03
1022,4,122,9,4,2025-12-24
1023,4,123,6,5,2025-12-18
1024,4,124,1,3,2025-12-05
1025,4,125,13,3,2025-12-18
1026,4,126,11,4,2025-12-29
1027,4,127,14,4,2025-12-21
1028,4,128,13,2,2025-12-03
1029,4,129,13,5,2025-12-17
1030,4,130,5,2,2025-12-20
1031,4,131,4,4,2025-12-10
1032,4,132,1,2,2025-12-26
1033,4,133,12,3,2025-12-16
1034,4,134,5,2,2025-12-15
1035,4,135,12,5,2025-12-13
1036,4,136,6,4,2025-12-06
1037,4,137,5,2,2025-12-19
1038,4,138,0,3,2025-12-29
1039,4,139,8,5,2025-12-10
1040,4,140,9,3,2025-12-23
1041,4,141,3,4,2025-12-06
1042,4,142,1,3,2025-12-18
1043,4,143,9,3,2025-12-02
1044,4,144,8,3,2025-12-30
1045,4,145,8,3,2025-12-28
1046,4,146,7,2,2025-12-27
1047,4,147,3,3,2025-12-01
1048,4,148,11,4,2025-12-11
1049,4,149,8,2,2025-12-24
1050,4,150,13,3,2025-12-29
1051,4,151,10,4,2025-12-02
1052,4,152,11,2,2025-12-08
1053,4,153,5,4,2025-12-09
1054,4,154,3,2,2025-12-24
1055,4,155,8,5,2025-12-28
1056,4,156,14,3,2025-12-08
1057,4,157,8,4,2025-12-07
1058,4,158,4,5,2025-12-15
1059,4,159,13,3,2025-12-12
1060,4,160,15,3,2025-12-03
1061,4,161,5,5,2025-12-15
1062,4,162,5,3,2025-12-07
1063,4,163,5,5,2025-12-21
1064,4,164,0,4,2025-12-10
1065,4,165,5,3,2025-12-27
1066,4,166,6,5,2025-12-03
1067,4,167,2,3,2025-12-14
1068,4,168,14,3,2025-12-30
1069,4,169,3,5,2025-12-24
1070,4,170,0,3,2025-12-20
1071,4,171,12,2,2025-12-13
1072,4,172,3,2,2025-12-27
1073,4,173,1,2,2025-12-05
1074,4,174,2,3,2025-12-09
1075,4,175,0,3,2025-12-26
1076,4,176,3,2,2025-12-18
1077,4,177,2,4,2025-12-07
1078,4,178,15,3,2025-12-25
1079,4,179,5,5,2025-12-10
1080,4,180,15,4,2025-12-05
1081,4,181,1,3,2025-12-18
1082,4,182,3,4,2025-12-01
1083,4,183,3,2,2025-12-18
1084,4,184,3,4,2025-12-17
1085,4,185,4,5,2025-12-01
1086,4,186,0,3,2025-12-08
1087,4,187,12,5,2025-12-05
1088,4,188,9,4,2025-12-08
1089,4,189,3,5,2025-12-16
1090,4,190,3,3,2025-12-08
1091,4,191,9,2,2025-12-12
1092,4,192,10,2,2025-12-04
1093,4,193,2,4,2025-12-29
1094,4,194,4,2,2025-12-06
1095,4,195,10,5,2025-12-20
1096,4,196,13,3,2025-12-05
1097,4,197,9,4,2025-12-12
1098,4,198,8,2,2025-12-30
1099,4,199,11,5,2025-12-30
1100,4,200,2,4,2025-12-26
1101,4,201,4,2,2025-12-25
1102,4,202,10,3,2025-12-05
1103,4,203,14,5,2025-12-24
1104,4,204,2,5,2025-12-04
1105,4,205,8,5,2025-12-05
1106,4,206,10,2,2025-12-05
1107,4,207,12,3,2025-12-12
1108,4,208,15,4,2025-12-14
1109,4,209,13,5,2025-12-20
1110,4,210,4,4,2025-12-26
1111,4,211,12,3,2025-12-14
1112,4,212,15,5,2025-12-18
1113,4,213,12,3,2025-12-03
1114,4,214,7,5,2025-12-23
1115,4,215,7,2,2025-12-12
1116,4,216,6,2,2025-12-28
1117,4,217,11,2,2025-12-18
1118,4,218,4,5,2025-12-30
1119,4,219,1,2,2025-12-30
1120,4,220,11,4,2025-12-28
1121,4,221,9,3,2025-12-15
1122,4,222,13,3,2025-12-08
1123,4,223,7,3,2025-12-02
1124,4,224,3,3,2025-12-31
1125,4,225,12,3,2025-12-24
1126,4,226,13,2,2025-12-12
1127,4,227,3,2,2025-12-22
1128,4,228,15,2,2025-12-27
1129,4,229,0,3,2025-12-05
1130,4,230,4,4,2025-12-03
1131,4,231,2,3,2025-12-01
1132,4,232,4,5,2025-12-25
1133,4,233,15,3,2025-12-24
1134,4,234,9,3,2025-12-16
1135,4,235,10,5,2025-12-15
1136,4,236,9,2,2025-12-04
1137,4,237,1,3,2025-12-29
1138,4,238,5,2,2025-12-17
1139,4,239,0,3,2025-12-13
1140,4,240,14,5,2025-12-18
1141,4,241,9,4,2025-12-23
1142,4,242,13,3,2025-12-30
1143,4,243,8,3,2025-12-03
1144,4,244,4,5,2025-12-24
1145,4,245,12,3,2025-12-20
1146,4,246,7,2,2025-12-13
1147,4,247,2,3,2025-12-27
1148,4,248,15,5,2025-12-11
1149,4,249,12,5,2025-12-06
1150,4,250,11,2,2025-12-21
1151,4,251,6,5,2025-12-09
1152,4,252,3,2,2025-12-03
1153,4,253,10,4,2025-12-01
1154,4,254,9,3,2025-12-06
1155,4,255,2,2,2025-12-07
1156,4,256,9,2,2025-12-07
1157,4,257,1,3,2025-12-08
1158,4,258,2,4,2025-12-19
1159,4,259,15,2,2025-12-02
1160,4,260,10,2,2025-12-03
1161,4,261,0,4,2025-12-12
1162,4,262,12,4,2025-12-17
1163,4,263,10,3,2025-12-25
1164,4,264,11,5,2025-12-05
1165,4,265,10,2,2025-12-14
1166,4,266,4,2,2025-12-01
1167,4,267,15,5,2025-12-19
1168,4,268,9,2,2025-12-06
1169,4,269,14,3,2025-12-03
1170,4,270,7,2,2025-12-29
1171,4,271,4,3,2025-12-25
1172,4,272,10,3,2025-12-15
1173,4,273,10,3,2025-12-10
1174,4,274,13,4,2025-12-02
1175,4,275,7,5,2025-12-07
1176,4,276,4,2,2025-12-19
1177,4,277,3,5,2025-12-26
1178,4,278,4,2,2025-12-25
1179,4,279,2,4,2025-12-16
1180,4,280,14,2,2025-12-11
1181,4,281,9,3,2025-12-06
1182,4,282,8,2,2025-12-19
1183,4,283,11,4,2025-12-03
1184,4,284,5,2,2025-12-23
1185,4,285,8,5,2025-12-16
1186,4,286,14,4,2025-12-21
1187,4,287,3,3,2025-12-19
1188,4,288,1,5,2025-12-12
1189,4,289,12,4,2025-12-14
1190,4,290,14,3,2025-12-12
1191,4,291,11,4,2025-12-03
1192,4,292,14,5,2025-12-09
1193,4,293,1,2,2025-12-24
1194,4,294,0,3,2025-12-05
1195,4,295,9,2,2025-12-13
1196,4,296,12,3,2025-12-28
1197,4,297,7,2,2025-12-13
1198,4,298,2,5,2025-12-12
1199,4,299,14,5,2025-12-21
1200,4,300,3,5,2025-12-03
1201,5,1,3,3,2025-12-30
1202,5,2,13,5,2025-12-07
1203,5,3,10,5,2025-12-03
1204,5,4,10,4,2025-12-20
1205,5,5,6,5,2025-12-23
1206,5,6,3,5,2025-12-09
1207,5,7,1,5,2025-12-18
1208,5,8,15,3,2025-12-05
1209,5,9,10,3,2025-12-19
1210,5,10,12,2,2025-12-02
1211,5,11,13,4,2025-12-16
1212,5,12,1,3,2025-12-07
1213,5,13,13,2,2025-12-09
1214,5,14,5,4,2025-12-03
1215,5,15,2,3,2025-12-09
1216,5,16,2,5,2025-12-10
1217,5,17,13,5,2025-12-17
1218,5,18,8,3,2025-12-06
1219,5,19,2,2,2025-12-29
1220,5,20,10,5,2025-12-31
1221,5,21,5,4,2025-12-07
1222,5,22,13,4,2025-12-16
1223,5,23,5,5,2025-12-31
1224,5,24,11,5,2025-12-30
1225,5,25,0,5,2025-12-18
1226,5,26,2,3,2025-12-24
1227,5,27,10,3,2025-12-22
1228,5,28,0,4,2025-12-05
1229,5,29,4,5,2025-12-16
1230,5,30,3,4,2025-12-26
1231,5,31,8,5,2025-12-17
1232,5,32,14,2,2025-12-31
1233,5,33,14,3,2025-12-21
1234,5,34,1,2,2025-12-07
1235,5,35,13,3,2025-12-23
1236,5,36,12,3,2025-12-07
1237,5,37,6,4,2025-12-31
1238,5,38,0,3,2025-12-12
1239,5,39,0,4,2025-12-10
1240,5,40,3,4,2025-12-23
1241,5,41,14,5,2025-12-14
1242,5,42,11,5,2025-12-12
1243,5,43,10,5,2025-12-04
1244,5,44,14,3,2025-12-14
1245,5,45,5,4,2025-12-18
1246,5,46,13,3,2025-12-13
1247,5,47,13,4,2025-12-21
1248,5,48,3,4,2025-12-03
1249,5,49,2,2,2025-12-21
1250,5,50,13,2,2025-12-04
1251,5,51,3,5,2025-12-21
1252,5,52,1,5,2025-12-22
1253,5,53,13,4,2025-12-07
1254,5,54,14,3,2025-12-18
1255,5,55,3,5,2025-12-07
1256,5,56,3,5,2025-12-12
1257,5,57,13,5,2025-12-30
1258,5,58,0,5,2025-12-31
1259,5,59,7,4,2025-12-17
1260,5,60,8,4,2025-12-29
1261,5,61,9,4,2025-12-27
1262,5,62,7,5,2025-12-01
1263,5,63,1,5,2025-12-01
1264,5,64,4,2,2025-12-26
1265,5,65,10,4,2025-12-11
1266,5,66,13,3,2025-12-08
1267,5,67,6,5,2025-12-20
1268,5,68,1,5,2025-12-26
1269,5,69,4,5,2025-12-31
1270,5,70,5,5,2025-12-13
1271,5,71,5,4,2025-12-14
1272,5,72,3,3,2025-12-23
1273,5,73,3,3,2025-12-21
1274,5,74,8,5,2025-12-27
1275,5,75,10,3,2025-12-07
1276,5,76,2,2,2025-12-01
1277,5,77,0,5,2025-12-21
1278,5,78,0,3,2025-12-20
1279,5,79,12,2,2025-12-01
1280,5,80,14,3,2025-12-21
1281,5,81,5,4,2025-12-08
1282,5,82,9,3,2025-12-07
1283,5,83,12,3,2025-12-25
1284,5,84,1,4,2025-12-09
1285,5,85,4,2,2025-12-21
1286,5,86,3,2,2025-12-04
1287,5,87,3,5,2025-12-04
1288,5,88,9,3,2025-12-09
1289,5,89,2,3,2025-12-03
1290,5,90,11,5,2025-12-30
1291,5,91,12,3,2025-12-04
1292,5,92,0,5,2025-12-14
1293,5,93,15,2,2025-12-31
1294,5,94,6,2,2025-12-22
1295,5,95,12,5,2025-12-29
1296,5,96,14,4,2025-12-26
1297,5,97,5,3,2025-12-10
1298,5,98,5,2,2025-12-22
1299,5,99,3,2,2025-12-11
1300,5,100,15,4,2025-12-20
1301,5,101,5,2,2025-12-17
1302,5,102,3,4,2025-12-07
1303,5,103,0,2,2025-12-17
1304,5,104,6,3,2025-12-28
1305,5,105,3,4,2025-12-29
1306,5,106,0,3,2025-12-11
1307,5,107,7,3,2025-12-03
1308,5,108,8,3,2025-12-09
1309,5,109,6,5,2025-12-31
1310,5,110,11,2,2025-12-23
1311,5,111,14,4,2025-12-24
1312,5,112,13,5,2025-12-17
1313,5,113,6,5,2025-12-09
1314,5,114,6,3,2025-12-22
1315,5,115,12,4,2025-12-04
1316,5,116,5,4,2025-12-26
1317,5,117,15,3,2025-12-14
1318,5,118,13,5,2025-12-20
1319,5,119,10,4,2025-12-20
1320,5,120,12,2,2025-12-14
1321,5,121,11,3,2025-12-12
1322,5,122,14,2,2025-12-06
1323,5,123,8,2,2025-12-19
1324,5,124,9,5,2025-12-20
1325,5,125,12,4,2025-12-01
1326,5,126,5,2,2025-12-26
1327,5,127,13,4,2025-12-26
1328,5,128,11,3,2025-12-08
1329,5,129,6,2,2025-12-22
1330,5,130,11,4,2025-12-05
1331,5,131,3,4,2025-12-01
1332,5,132,0,4,2025-12-23
1333,5,133,6,4,2025-12-15
1334,5,134,7,4,2025-12-18
1335,5,135,12,2,2025-12-10
1336,5,136,6,3,2025-12-04
1337,5,137,2,4,2025-12-19
1338,5,138,13,5,2025-12-11
1339,5,139,6,4,2025-12-07
1340,5,140,15,2,2025-12-16
1341,5,141,8,2,2025-12-14
1342,5,142,3,2,2025-12-15
1343,5,143,10,3,2025-12-19
1344,5,144,7,5,2025-12-19
1345,5,145,9,2,2025-12-01
1346,5,146,14,2,2025-12-10
1347,5,147,12,3,2025-12-02
1348,5,148,10,2,2025-12-21
1349,5,149,2,2,2025-12-16
1350,5,150,13,2,2025-12-24
1351,5,151,8,4,2025-12-11
1352,5,152,12,4,2025-12-03
1353,5,153,15,4,2025-12-20
1354,5,154,12,2,2025-12-10
1355,5,155,15,5,2025-12-28
1356,5,156,11,2,2025-12-31
1357,5,157,0,2,2025-12-08
1358,5,158,0,2,2025-12-05
1359,5,159,10,2,2025-12-28
1360,5,160,7,5,2025-12-06
1361,5,161,6,2,2025-12-24
1362,5,162,0,4,2025-12-30
1363,5,163,8,2,2025-12-29
1364,5,164,3,2,2025-12-02
1365,5,165,2,4,2025-12-09
1366,5,166,12,4,2025-12-09
1367,5,167,4,3,2025-12-19
1368,5,168,3,5,2025-12-05
1369,5,169,4,4,2025-12-25
1370,5,170,14,5,2025-12-22
1371,5,171,7,2,2025-12-19
1372,5,172,15,5,2025-12-09
1373,5,173,15,4,2025-12-08
1374,5,174,8,2,2025-12-25
1375,5,175,2,4,2025-12-12
1376,5,176,6,3,2025-12-23
1377,5,177,2,2,2025-12-16
1378,5,178,6,2,2025-12-01
1379,5,179,14,3,2025-12-27
1380,5,180,6,5,2025-12-16
1381,5,181,10,2,2025-12-07
1382,5,182,9,4,2025-12-23
1383,5,183,4,5,2025-12-28
1384,5,184,4,2,2025-12-08
1385,5,185,12,4,2025-12-15
1386,5,186,12,3,2025-12-07
1387,5,187,8,2,2025-12-14
1388,5,188,9,3,2025-12-31
1389,5,189,4,2,2025-12-15
1390,5,190,3,2,2025-12-08
1391,5,191,14,2,2025-12-06
1392,5,192,0,4,2025-12-16
1393,5,193,11,5,2025-12-09
1394,5,194,2,2,2025-12-12
1395,5,195,6,5,2025-12-05
1396,5,196,13,5,2025-12-17
1397,5,197,1,4,2025-12-15
1398,5,198,11,4,2025-12-04
1399,5,199,12,2,2025-12-24
1400,5,200,6,5,2025-12-10
1401,5,201,12,3,2025-12-06
1402,5,202,15,4,2025-12-17
1403,5,203,3,5,2025-12-22
1404,5,204,7,2,2025-12-31
1405,5,205,7,2,2025-12-04
1406,5,206,1,2,2025-12-19
1407,5,207,7,4,2025-12-03
1408,5,208,8,2,2025-12-08
1409,5,209,12,5,2025-12-13
1410,5,210,7,2,2025-12-24
1411,5,211,15,4,2025-12-07
1412,5,212,6,3,2025-12-12
1413,5,213,9,4,2025-12-24
1414,5,214,3,2,2025-12-06
1415,5,215,9,5,2025-12-28
1416,5,216,5,3,2025-12-11
1417,5,217,5,2,2025-12-06
1418,5,218,14,4,2025-12-05
1419,5,219,15,2,2025-12-14
1420,5,220,0,4,2025-12-06
1421,5,221,2,4,2025-12-06
1422,5,222,11,2,2025-12-16
1423,5,223,15,2,2025-12-28
1424,5,224,15,3,2025-12-04
1425,5,225,0,2,2025-12-19
1426,5,226,7,4,2025-12-17
1427,5,227,4,3,2025-12-25
1428,5,228,3,2,2025-12-10
1429,5,229,14,4,2025-12-16
1430,5,230,8,4,2025-12-22
1431,5,231,8,5,2025-12-12
1432,5,232,0,5,2025-12-27
1433,5,233,9,4,2025-12-23
1434,5,234,15,4,2025-12-04
1435,5,235,0,4,2025-12-05
1436,5,236,7,5,2025-12-22
1437,5,237,11,3,2025-12-16
1438,5,238,7,2,2025-12-19
1439,5,239,11,5,2025-12-07
1440,5,240,6,2,2025-12-30
1441,5,241,3,5,2025-12-31
1442,5,242,14,4,2025-12-31
1443,5,243,8,3,2025-12-30
1444,5,244,10,4,2025-12-13
1445,5,245,8,5,2025-12-10
1446,5,246,1,3,2025-12-19
1447,5,247,3,4,2025-12-14
1448,5,248,11,5,2025-12-10
1449,5,249,0,2,2025-12-16
1450,5,250,14,3,2025-12-22
1451,5,251,9,3,2025-12-20
1452,5,252,9,3,2025-12-16
1453,5,253,2,4,2025-12-26
1454,5,254,0,4,2025-12-15
1455,5,255,6,2,2025-12-10
1456,5,256,1,2,2025-12-16
1457,5,257,0,4,2025-12-14
1458,5,258,0,4,2025-12-02
1459,5,259,4,4,2025-12-12
1460,5,260,4,4,2025-12-31
1461,5,261,8,2,2025-12-05
1462,5,262,13,3,2025-12-19
1463,5,263,9,2,2025-12-08
1464,5,264,15,2,2025-12-30
1465,5,265,7,4,2025-12-26
1466,5,266,13,5,2025-12-13
1467,5,267,8,2,2025-12-30
1468,5,268,9,4,2025-12-06
1469,5,269,10,5,2025-12-26
1470,5,270,6,3,2025-12-09
1471,5,271,13,3,2025-12-18
1472,5,272,9,3,2025-12-10
1473,5,273,9,2,2025-12-19
1474,5,274,5,5,2025-12-13
1475,5,275,3,5,2025-12-05
1476,5,276,10,5,2025-12-17
1477,5,277,14,4,2025-12-12
1478,5,278,14,5,2025-12-14
1479,5,279,14,5,2025-12-01
1480,5,280,13,2,2025-12-03
1481,5,281,9,3,2025-12-26
1482,5,282,11,3,2025-12-05
1483,5,283,1,4,2025-12-25
1484,5,284,4,5,2025-12-13
1485,5,285,14,2,2025-12-26
1486,5,286,1,5,2025-12-03
1487,5,287,8,2,2025-12-27
1488,5,288,10,2,2025-12-20
1489,5,289,9,2,2025-12-19
1490,5,290,10,5,2025-12-28
1491,5,291,3,2,2025-12-24
1492,5,292,6,2,2025-12-17
1493,5,293,15,3,2025-12-05
1494,5,294,4,3,2025-12-10
1495,5,295,0,4,2025-12-26
1496,5,296,6,5,2025-12-04
1497,5,297,0,2,2025-12-05
1498,5,298,3,2,2025-12-08
1499,5,299,3,3,2025-12-16
1500,5,300,14,2,2025-12-13
